id,ancient_name,lat,long,name,pleiades,country
36941,Zeus Thimenos,39.403473,28.573658,4 miles SE Sağırlar,609592,TR
36631,Pagus Assalitanus,36.412262,9.342684,4 miles SE Thibursicum Bure,315102,TN
14097,,45.120545,4.821011,Érôme,,FR
36907,Apollo,38.754645,30.697533,Çavdarlı,609311,TR
36607,,40.770117,34.363792,İskilip,844955,TR
36919,Meter Arezastis,39.218213,30.712999,"“Arezastis monument,” N Yazılıkaya",609465,TR
36870,Kodrigai,36.670271,36.220709,"“Pillars of Jonas”, Sarıseki",658511,TR
26181,,34.289435,35.84473,Aïn Akrine (Qasr Naous),668346,LB
20829,,49.7793322131,6.5828471411,Aach,,DE
43284,,33.50835,35.87329,Aaiha,,LB
36910,Cybele,39.601295,28.858354,Aşağı Akçaalan,609352,TR
36889,Forum Cambusis?,22.35937,31.64736,Abu Simbel,795808,EG
37047,,22.3364985,31.6266735,Abu Simbel,721417202,EG
37121,Aphrodite Aphakitis,34.06805,35.89278,Afqa,668195,LB
36594,Apollo Korythos,36.857944,21.909984,Ag. Andreas,570096,GR
36746,,38.768733,22.399625,Ag. Demetrios,540593,GR
36593,,37.672577,24.325232,Ag. Eirene,570033,GR
36780,,39.126969,26.21429,Ag. Isidoros,550409,GR
36764,Kenaion,38.84043,22.866507,"Ag. Konstantinos, Cape Lithada",540858,GR
36656,Hera,34.898922,32.616022,Ag. Moni,707515,CY
36787,Dionysos Bresagenes,39.015443,26.166973,Ag. Phokas,550514,GR
36643,,34.731871,33.139828,Ag. Tykhonas,707451,CY
42503,,29.20514,25.54359,"Aghūrmī, Siwa",,EG
36642,,35.298499,32.962793,Agia Eirini,707438,CY
43721,,24.025119,32.884469,Agilkia Island,,EG
43035,Poseidon,37.52255,23.48041,"Agios Nektarios, Poros",,GR
36682,Apollo,35.59187,23.60028,Agios Sostis bay,589701,GR
45302,,39.5652,22.122173,Agios Taxiarchis,,GR
45345,,39.389595,22.016242,Agios Theodoros,,GR
36723,,41.80666,14.36897,Agnone,432656,IT
36552,,33.907941,1.369109,Agueneb,285395,DZ
36918,Meter apo Speleou,39.86528,30.67464,Ahılar,609464,TR
43283,,33.43422,35.77662,Ain Aata,,LB
44550,,36.4595819,36.8525095,Ain Dara temple,,SY
42518,,25.6,30.61667,Ain et-Tarakwa,,EG
37133,,33.453733,35.788779,Ain Hersha,678007,LB
44508,,33.653889,35.971667,"Ain Qaniya, Jdeidat Yabous",,SY
15775,,44.7080317,5.4167044,Aix-en-Diois,167626,FR
36891,Paptoulis?,23.4762,32.90831,Ajuala,795839,EG
36936,Zeus Kersoullos,39.874255,29.20155,Akçapınar/Belören,609586,TR
36557,,36.531134,4.181324,Akbou des Ait bou Mahdi,295213,DZ
36653,Artemis,35.057081,33.791481,Akhna,707486,CY
21934,Akrokorinthos,37.891953,22.873608,Akrokorinthos,570059,GR
21983,Actium/Apollo Aktios,38.9509,20.7683,Aktio,530771,GR
36597,Artemis Limnatis,36.96028,22.253477,Alagonia,570120,GR
36735,,40.480081,15.117101,Albanella,442455,IT
25494,,39.7216942,-6.8915219,Alcántara,255966,ES
15778,,44.1990904,4.233134,Allègre-les-Fumades,147989,FR
26347,,44.499133,4.786401,Allan,167631,FR
37007,Idomene Minor,39.065432,21.109679,Alonaki,530896,GR
36933,Zeus Bronton Megas,39.536589,30.595738,Alpanos,609583,TR
36904,,38.125622,30.682778,Altuncebbar,609300,TR
44285,,47.260854,11.457061,"Am Palmbühel, Ampaß",,AT
36649,Apollo Melanthios,34.829792,32.577772,Amargetti-Petros Anthropos,707478,CY
21935,Amphiareion,38.291099,23.846116,Amphiareion,540628,GR
26183,,34.29928,35.80467,Amyun,668186,LB
23435,Iuppiter Urius,41.178655,29.094691,Anadolu Kavaği,521046,TR
44379,,37.421687,22.250243,Ano Asea,,GR
23687,Anthele,38.795895,22.510319,Anthili,540640,GR
42939,,40.8476994,14.0530815,"Antro della Sibilla, Cuma",,IT
36977,Menelaion,37.065845,22.453421,Aphisiou,570477,GR
22851,Apollo Erethimios,36.375016,28.030801,Apollo Erethimios,589700,GR
22718,Apollo Hylates,34.672532,32.863627,Apollo Hylates,707476,CY
20819,,48.561721,10.409111,"Apollo-Grannus Tempel, Faimingen",,DE
22686,Apollo,37.39947,25.267214,"Apollo, Delos",599506,GR
36784,,39.1159,26.1027,Apotheke,550446,GR
36753,Apollo Nasiotas,38.378327,22.401788,Apsiphia Is.,540653,GR
37135,,33.50343,35.82274,Aqaba,678026,LB
45651,,47.563798,19.050239,Aquincum Mithraeum,,HU
36983,Athena Skiras,37.983355,23.537097,Arapis,579886,GR
44523,,40.633325,22.952947,Arch of Galerius and Rotunda,,GR
21945,Olympia,37.637849,21.630126,Archaia Olympia,570531,GR
26595,,41.49703,12.99139,"Archi di San Lidano, Sezze",423047,IT
36877,,37.108227,14.397015,"Arcia, Niscemi",462100,IT
36739,Mefitis,40.9747584,15.1462381,"Area archeologica della Valle d’Ansanto, Rocca San Felice",442653,IT
42148,,38.111146,15.649244,"Area sacra Griso-Laboccetta, Reggio di Calabria",,IT
18147,,48.999616,1.110515,Arnières-sur-Iton,108757,FR
8396,,44.926111,2.440556,"Aron, Aurillac",138193,FR
36909,,39.050328,30.488595,Arslan Taş,609324,TR
36645,Aphrodite Golgia,35.087379,33.620066,"Arsos, Athienou",707470,CY
21970,Artemision,39.017832,23.220954,Artemision,540667,GR
44353,,56.02405,-3.800156,"Arthur's Oon, Stenhouse",,GB
36603,,41.185198,32.903236,Asağı Güney,844868,TR
20822,,49.7540781637,6.6306992791,"Asclepius-Tempel, Altstadt",,DE
36584,,32.7894,22.2969,Asgafa,375265,LY
39092,,48.471022,-2.011823,"Asile des Pêcheurs, Taden",,FR
22681,Asklepieion,36.875681,27.257012,"Asklepieion, Kos",599528,GR
22685,Asklepieion/Thesmophorion?/Apollo,37.077965,25.140825,"Asklepieion, Paros",599529,GR
43054,,40.1742274,22.4937708,"Asklepios, Dion",,GR
22612,Asklepieion,37.596111,23.079167,Asklipieio,570127,GR
36574,,32.377092,20.821488,Aslaia,373739,LY
36700,,36.7185,26.9743,"Aspripetra, Kos",599533,GR
37003,Hapsasieion,41.024331,28.951356,at Kepos,521025,TR
36984,Herakleion,38.121313,23.976136,"at Marathon, N Mikron Helos",579948,GR
36725,,42.066711,14.446065,Atessa,432707,IT
36650,Apollo,35.056263,33.581129,Athienou-Ag. Fotios,707479,CY
22028,Leukothea,41.724221,43.166843,Atskuri,863835,GE
20279,,49.9044756129,6.5414370921,"Auf der Heid, Meckel",,DE
36931,Zeus Bronton 1,39.582344,30.516333,Avdan,609580,TR
36752,Apollo,38.50132,24.123329,Avlonari/Itea,540652,GR
25637,,51.321052,0.507891,Aylesford,,GB
36932,Zeus Bronton 3,39.568609,30.440268,Ayvacık,609582,TR
36934,Zeus ek Didymon Dryon?,38.640404,28.586062,Börtlüce,609584,TR
17773,,49.744639,7.009449,Bäsch,109374,DE
36789,,40.659333,35.924561,Büyük Çelebi,857072,TR
20868,,49.594225,4.669616,Baâlons,,FR
21092,,34.547559,38.2730959,"Baal Temple, Palmyra",,SY
23700,*Panamara,37.2565,28.10687,Bağyaka/Muğla,599853,TR
36905,Angdisseon,38.860127,30.777064,Bacakale,609304,TR
17243,Nemora Vacunae,42.54851,13.12684,"Bacugno, Posta",413223,IT
2200,,50.0712825,7.0365409,Bad Bertrich,108783,DE
41677,,39.201378,8.635466,"Bagoi, Perdaxius",,IT
20760,,48.001416,6.26457,Bains-les-Bains,,FR
44514,,33.593459,35.924413,Bakka,,LB
45688,,49.99742,8.26984,"Ballplatz, Mainz",,DE
36938,Zeus Orkamaneites,38.714726,29.747816,Banaz,609588,TR
36564,,32.03552,49.33415,Bard-i Nishande,912820,IQ
37090,,29.56797,52.653905,Barm-i Dilak,922623,IR
15763,,49.13204,-0.47577,Baron-sur-Odon,69476,FR
37158,Robigo,41.959271,12.447668,Barrington Atlas grid 43 B2,423024,IT
37160,Sep. Geta,41.866599,12.505709,Barrington Atlas grid 43 C2,423065,IT
36982,Apollo,37.81001,23.7737,Barrington Atlas grid 59 C3,579875,GR
21907,Bassai,37.429653,21.900415,Bassae,570148,GR
37067,,36.549604,44.33331,Batas-Harir,874397,IQ
20713,,50.0089234588,6.9788384839,Bausendorf,,DE
37068,,36.725062,43.405319,Bavian,874398,IQ
12968,,45.1279546,3.9416692,Beaulieu,167670,FR
36604,,40.703576,33.965162,Beşdut,844876,TR
20831,,49.7038854372,6.7050365893,"Beim Lindenkreuz, Gusterath",,DE
15766,,43.1326626,1.0263209,Belbèze-en-Comminges,246231,FR
22783,,38.014624,27.472097,Belevi,599556,TR
39564,,46.53293631,6.643835901,Belvédère du Signal,,CH
20830,,50.0408269884,7.0739282218,Bengel,,DE
36946,,32.015024,10.781455,Beni Guedal,344311,TN
40733,,50.012611,7.178739,"Bergheiligtum, Beinter Kopf",,DE
40734,,50.109177,7.123611,"Bergheiligtum, Calmont",,DE
40730,,48.407143,8.020556,"Bergheiligtum, Gengenbach",,DE
39153,,49.543842,7.561576,"Bergheiligtum, Jettenbach",,DE
18124,Canetonum,49.1733,0.621389,Berthouville,108852,FR
37065,,53.999904,15.999978,Białęcino,20407,PL
19335,,49.297417,7.2925,Bierbach,,DE
22159,Philai/Philae,24.021732,32.888882,Bilaq,786089,EG
38817,,46.013637,8.906038,Bioggio,,CH
36947,,30.491327,14.710895,Bir es-Shawi,344321,LY
36948,,31.349938,13.349962,Bir Nesma,344326,LY
36575,,32.747678,22.391705,Bir Tarakenet,373759,LY
38832,,46.745881402,7.595799674,"Bischofsmatt, Allmendingen, Thun",,CH
22642,,37.059181,14.263184,"Bitalemi, Gela",462114,IT
37168,,41.67018,1.82419,"Boades, Castellgalí",246252,ES
20618,,49.580788,5.105463,"Bois communal du Flavier, Mouzon",,FR
20762,,50.109268,4.592736,"Bois de Noel, Matagne-la-Grande",,BE
26629,,49.816505,2.646559,"Bois Titran, Caix",,FR
20847,,50.30086,6.83753,Bongard,,DE
45682,,46.74432,6.53707,"Boscéaz, Orbe",,CH
25689,,50.840035,-0.850708,Bosham,,GB
39091,,48.049621,-1.900603,"Bouexière, Bréal-sous-Montfort",,FR
44413,,51.991663,-0.939433,"Bourton Grounds, Buckingham",,GB
20159,,43.872317,2.636278,"Boutaran, Saint-Sernin-sur-Rance",,FR
20752,,45.77855,3.143113,"Brézet, Clermont-Ferrand (1)",,FR
20753,,45.77855,3.143113,"Brézet, Clermont-Ferrand (2)",,FR
43197,,50.218475,7.2154,Brachtendorf,,DE
26649,,49.94322,1.12279,Bracquemont,,FR
22845,Artemis Brauronia,37.926189,23.9937505,Brauron,579879,GR
25119,,37.971584,23.725421,Brauroneion,,GR
25617,,51.324209,-3.015512,"Brean Down, Brean",79351,GB
12613,,45.4524901,6.5664689,Brides-les-Bains,167689,FR
25489,,52.4617,-0.586992,Brigstock,79356,GB
36576,,32.818179,21.840833,Bu Darag,373762,LY
25408,,34.832042,67.826803,Buddhas of Bamiyan,,AF
17570,,45.852879,4.583386,Bully,167695,FR
20859,,49.9244951676,6.6182192606,"Burgberg, Sülm",,DE
42734,,46.549678,13.6604,"Burgruine Straßfried, Maglern, Arnoldstein",,AT
37183,,34.103607,43.960471,Burj al-Qa'im,893965,IQ
19320,Porcetum,50.7634,6.091,Burtscheid,,DE
25298,,37.0862074,14.8850216,Buscemi,462120,IT
42221,,49.04524,1.57004,"Butte, Bennecourt",,FR
20837,,49.8091371677,6.6061575438,Butzweiler,,DE
20855,,49.81667,6.61667,"Butzweiler, Pfarrkirche",,DE
26182,,34.269932,35.821608,Bziza,668217,LB
9021,[Sauriciacum],48.69783,5.63705,"Côte-Saint-Jean, Sorcy-Saint-Martin",,FR
40134,,40.41958,-7.22432,Cabeço de Fráguas,,PT
45653,,53.137172,-4.262414,Caernarfon Mithraeum,,GB
37169,,41.937187,2.760627,"Cal Temple, Aiguaviva",246277,ES
26366,,46.44906,12.38042,Calalzo di Cadore,187333,IT
36588,Prepelaion?,38.13465,27.115106,Cambaz Tepe,550844,TR
42673,Capitolium,41.8925778,12.4822154,"Campidoglio, Roma",422865,IT
23753,,41.438889,14.508333,Campochiaro,432746,IT
26597,,41.54559,12.73606,"Campoverde, Aprilia",422862,IT
37170,,41.534533,2.389314,"Can Modolell, Cabrera de Mar",246287,ES
39956,,38.7011,-5.68604,"Cancho Roano, Zalamea de la Serena",,ES
42145,,38.23335,15.65506,"Cannitello, Villa San Giovanni",,IT
36736,,40.42312,15.08216,Capaccio,442526,IT
36644,Aphrodite Akraia,35.692703,34.586367,Cape Apostolos Andreas,707469,CY
36624,Parthenion? Akron,44.514846,33.491262,Cape Fiolent,226714,UA
22790,Apollo Leukatas,38.56339,20.54282,Cape Lefkatas,530806,GR
36683,Athena,35.30699,26.312224,Cape Sidero,589718,GR
41377,,45.5399911,10.2254991,"Capitolium, Brescia",,IT
36876,,38.95411,17.16869,"Capo Cimiti, Isola di Capo Rizzuto",452283,IT
23187,Hera,39.028864,17.205128,"Capo Colonna, Crotone",452332,IT
36737,,40.451058,15.042153,"Capo di Fiume, Capaccio",442527,IT
26574,,42.16587,13.81295,"Capo Pescara, Popoli",413249,IT
26462,,41.714422,14.29561,Carovilli,432759,IT
26636,,49.90433,3.01797,Cartigny,,FR
45656,,38.91114,-6.34111,"Casa del Mitreo, Mérida",,ES
36878,,37.1401,13.98453,"Casalicchio, Licata",462134,IT
37148,,43.12708,12.05024,Castiglione del Lago,413071,IT
44410,,51.24904,1.344522,"Castle Fields, Worth",,GB
20866,,49.303616,4.152483,Caurel,,FR
42926,,48.60445,1.64601,"Cavée du Moulin, Hanches",,FR
17219,Minerva Cabardiacensis,44.84342,9.51838,"Caverzago, Travo",383709,IT
37001,,38.73277,-1.27022,"Cerro de los Santos, Montealegre del Castillo",265862,ES
37152,,41.862522,12.533184,Cessati Spiriti,422892,IT
39453,,43.372565,5.027046,"Château de Ponteau, Martigues",,FR
18074,,43.681944,5.197222,"Château-Bas, Vernègues",148046,FR
2130,Riobe?,48.5932,3.109,Châteaubleau,108879,FR
39298,,45.2499,4.79432,"Châtelet, Saint-Désirat",,FR
39458,,47.413,0.9903,"Châteliers, Amboise",,FR
37091,,30.31731,50.907919,Chahar Deh,922629,IR
17719,,44.878459,4.575892,Chalencon,167707,FR
13742,[Camelaria],45.76829,3.05711,Chamalières,138260,FR
20621,,46.547469,2.112692,Champillet,,FR
13002,,49.30994,2.85374,Champlieu,108876,FR
18237,,44.466806,3.340478,Chanac,167709,FR
15648,,47.4724573,0.702594,Chanceaux-sur-Choisille,138286,FR
44408,,50.896526,-0.381622,"Chanctonbury Ring, Washington",,GB
37188,,33.5586,46.499199,Changiyeh,903007,IR
45692,,46.628159,0.332792,"Chardonchamp, Migné-Auxances",,FR
36601,Hyperteleaton,36.732977,22.904198,Chasanaga,570302,GR
38850,,46.85029063,6.537851604,"Chasseron, Bullet",,CH
25585,,51.818115,-1.912619,Chedworth temple,,GB
36563,,36.328033,6.451106,Chettaba,305060,DZ
39297,,46.07193,1.3012,"Chez Rigros, Saint-Pardoux",,FR
45678,,42.2398,12.2269,"Chiesa della Madonna del Parto, Sutri",,IT
42237,,42.73322,12.73713,"Chiesa di Sant'Ansano, Spoleto",,IT
36766,,38.573501,21.702461,Chrysovitsa,540866,GR
26568,,42.308926,13.445949,"Civita di Bagno, L'Aquila",413085,IT
20553,,47.9961430832,2.6763175927,"Clos du Détour, Pannes",,FR
42229,,50.05582,1.938265,Cocquerel,,FR
26579,,42.03097,13.77515,Cocullo,432791,IT
25626,,51.141012,-2.24438,Cold Kitchen Hill,,GB
25551,,52.512044,-1.714101,Coleshill,79397,GB
17809,*Ganuenta?,51.617485,3.823757,Colijnsplaat,109000,NL
26472,,41.50493,14.56255,"Colle Sparanise, Colle d'Anchise",432796,IT
39558,,47.037798353,7.087328205,Colline du Jolimont,,CH
44404,,52.593693,-0.514395,Collyweston,,GB
17324,,46.030545,5.498806,Corlier,167726,FR
36767,Korykion Antron,38.51526,22.52073,Corycian Cave,540883,GR
18211,,44.20858,3.409085,Costeguison,148061,FR
20067,,44.124693,4.582036,"Courac, Tresques",,FR
20754,,45.754178,3.538632,Courpière,,FR
17686,,45.72792,3.968177,Couzan,167889,FR
16983,,47.8693833,2.8278507,"Craon, Montbouy",138468,FR
26593,,41.73144,12.95403,"Crepaddosso, Artena",422913,IT
44412,,52.583516,1.080879,"Crownthorpe, Wicklewood",,GB
18055,,43.774167,5.439444,Cucuron,148064,FR
36996,,38.003688,-6.53533,Cueva del Agua,256142,ES
17718,,44.995272,4.516512,Désaignes,167740,FR
36892,Parembole?,23.89787,32.86451,Dabod,795840,EG
43286,,33.69133,35.876608,Dakoue,,LB
21089,,33.511552,36.3038,"Damascus, Temple of Jupiter",,SY
21085,,33.51171,36.30661,"Damascus, Umayyad Mosque",,SY
21293,,46.8877702,13.2825646,"Danielsberg, Kolbnitz",187360,AT
36981,Aphrodite,38.01298,23.63594,Daphni,579874,GR
37093,,29.96008,52.915364,Darre-ye Barre,922633,IR
37092,,30.37466,51.30114,Dav-Dokhtar,922631,IR
43285,,33.58911,36.01913,Deir El Aachayer,,LB
37137,Balmarcodes,33.856054,35.598053,Deir el-Qal'a,678047,LB
42552,,25.69522,32.57848,Deir esch-Schelwit,,EG
36911,Cybele,39.592474,29.385419,Delikli Taş,609353,TR
22842,,38.041096,23.538311,"Demeter Temple, Elefsina",579910,GR
36894,Tutzis,23.37638,32.93326,Dendur,795875,EG
1834,,48.441735,6.73517,Deneuvre,108922,FR
20864,,49.7258412,6.9822534,Dhronecken,,DE
45404,,47.986389,9.053611,"Dianatempel, Heudorf, Meßkirch",,DE
22649,Didyma/Branchidai,37.384829,27.256115,Didim,599593,TR
36598,Didymoi,37.500047,23.154194,Didyma?,570196,GR
22690,Diktynnaion,35.663634,23.767831,Diktynnaion,589760,GR
44343,Asklepieion,37.5399,22.0453,Dimitsana,,GR
36888,,23.84491,32.88437,Dimri,795800,EG
44927,,49.776583,7.701194,Disibodenberg,,DE
36628,,36.50885,7.09796,Djebel Taya,305072,DZ
36553,,35.1168,1.213,Djedars,285435,DZ
39141,,48.882706,11.263725,"Dolichenum, Pfünz",,GB
2101,,51.56309,3.49681,Domburg,108929,NL
20882,,50.3036,1.91816,Dompierre-sur-Authie,,FR
42524,,25.490692,30.511396,"Doppeltempel, Ain el-Bileida",,EG
17447,,48.2676457673,3.2052326588,Douilly,108924,FR
42306,,45.44566,8.61974,Duomo di Novara,,IT
20259,,49.6242196386,1.9061067196,"Ecâtelet, Saint-Maur",,FR
44516,,34.139184,35.663217,Edde,,LB
20848,,49.8400683141,6.5033336437,Eisenach,,DE
36906,Apollo,38.810219,29.69704,Ekşi Su Deresi,609310,TR
37173,,41.887326,2.23509,"El Clascar, Malla",246482,ES
36629,,36.366909,6.620453,el Hofra,305091,DZ
36627,,25.130663,32.808339,El Kab,440947682,EG
36883,,24.196115,32.858861,El Kubaniya,786056,EG
36674,,30.78911,28.91098,el Qassabat el-Gharbiya,716631,EG
36945,,32.48396,10.520905,el-Amrouni,344293,TN
36670,,28.34685,28.82158,el-Ayoun,716530,EG
36949,,32.766545,12.516607,el-Chatatba,344338,LY
22407,Labyrinthos,29.27412,30.898765,El-Deir,736952,EG
36572,,31.160761,16.9848,el-Garrusc,363965,LY
37134,Apollo,34.003887,36.029125,el-Hadet,678024,LB
36872,Nymphaion/Balaneion Tiberinon,36.0342195,35.9974405,"el-Hammam, S Miyadun",658552,TR
36867,,36.074207,36.45474,el-Hosn,658482,SY
22408,,29.236192,30.970699,el-Lahun,736953,EG
36673,,28.35692,28.84662,el-Muftella,716602,EG
36880,,25.468889,30.564167,el-Nadura,776206,EG
36641,,31.318351,35.743945,el-Qasr,697732,JO
25118,,37.973686,23.7246,Eleusinion,,GR
36696,Archilocheion?,37.088485,25.179009,"Elitas, Paros",599512,GR
37057,,35.950111,9.0994,Ellès,324702,TN
1537,,51.919846,5.849536,Elst,98951,NL
39114,,51.921257,5.857063,Elst-Westeraam,,NL
20721,,49.8439508765,7.0742833795,Elzerath,,DE
37004,Hecate,41.10831,29.052496,Emirgân,521027,TR
39111,,51.73455,5.310704,Empel,,NL
25116,,37.972222,23.726389,Erechtheion,,GR
45648,,49.8874035,7.8709034,"Eremitage, Bretzenheim",,DE
36927,"Zeus Andreas, Ampeleites",39.080261,30.037507,Erikli Mevkii,609575,TR
39973,,41.261585,-0.126965,"Ermita de la Consolación, Chiprana",,ES
39986,,38.02968,-1.8792,"Ermita de la Encarnación, Caravaca de la Cruz",,ES
37171,,41.57134,0.27569,"Ermita de San Valero, Vellilla de Cinca",246386,ES
20706,,49.8424356123,6.4212669948,Ernzen (Messenweg),,DE
36630,,36.260804,6.692398,es-Soumaa,305154,DZ
36785,"Artemis Anaeitis, Men Tiamou",38.495984,28.563504,Esenyazı,550456,TR
20087,,47.753238,4.783963,Essarois,,FR
2144,,49.425831,2.6447348,Estrées-Saint-Denis,108968,FR
42626,,41.83082,12.46943,"EUR, Roma",426588,IT
1181,,49.8780633293,6.7743127205,Föhren,,DE
36989,Chrysas,37.633905,14.387218,"Faccialavata, Leonforte",462159,IT
37070,,36.888117,45.841443,Fakhrikah,874471,IR
45006,,43.7949608,4.2278093,Fanum des Castels,,FR
45005,,43.7990386,4.2253958,Fanum du Roque de Vif,,FR
40737,,50.102436,4.636188,"Fanum, Matagne-la-Petite",,DE
25679,,51.193653,-0.496317,Farley Heath,79459,GB
37094,,28.871164,52.066735,Farrashband 1,922638,IR
37095,,28.838576,52.059874,Farrashband 2,922639,IR
37096,,28.804273,52.072738,Farrashband 3,922640,IR
37097,,28.788836,52.076168,Farrashband 4,922641,IR
37098,,28.772542,52.056444,Farrashband 5,922642,IR
36669,Zeus Labranios,34.758237,33.014159,Fasoula-Kastron tou Ionnou,707645,CY
20095,,42.954099,0.537887,Ferrère,,FR
26673,,47.74142,16.65674,Fertőrákos,,HU
36990,,37.038849,14.381527,"Feudo Nobile, Gela",462206,IT
36646,Aphrodite,34.987813,33.191067,Filani-Petaloudia,707472,CY
22754,Philia,39.261599,22.050597,Filia,540677,GR
36991,,37.20907,14.17717,"Fiume di Mallo, Butera",462207,IT
20881,,50.426894,3.182975,Flines-lez-Raches,,FR
37086,Nemus Sorabense/Sorabile,40.121856,9.253671,Fonni,471978,IT
36992,,37.19877,14.20075,Fontana Calda di Butera,462209,IT
18159,,44.738972,3.386696,Fontans,167768,FR
36731,,41.98852,14.54177,"Fonte di San Nicola, San Buono",433083,IT
36726,,41.84252,14.3285,"Fonte Romito, Capracotta",432838,IT
26571,,42.23027,13.60588,Fontecchio,413141,IT
18751,,49.2421087,2.6253547,Forêt d'Halatte,335533616,FR
26352,,47.59901,10.74347,"Forggensee, Schwangau",187384,DE
39105,,51.183834,6.717542,"Fossa Sanguinis, Neuss-Gnadental",,DE
17457,,47.10227,-0.08869,"Fourneaux, Montreuil-Bellay",138471,FR
18059,,43.586542,6.101908,Fox-Amphoux,157855,FR
20870,,50.04549,5.74944,Foy,,BE
36997,,38.8243,-9.47159,Foz de Colares,256172,PT
38727,,47.499515248,7.676591996,Frenkendorf,,CH
25595,,51.663235,-1.366984,Frilford,79470,GB
37138,,33.87479,35.94355,Furzol,678135,LB
36923,Meter Theon 2,39.352655,30.359665,"Göçen Çeşme, Yeniköy",609469,TR
19194,,50.4822819,6.6182597,Görresburg,109013,DE
21290,,46.7939959,12.8749766,Görtschach,187395,AT
21474,Panionion,37.703924,27.329993,Güzelçamlı,599855,TR
22310,,30.1939957,53.1671255,"Gabr-i Mader-i Soleiman, Pasargad",922647,IR
17591,,44.544795,3.372998,Gabrias,167777,FR
37071,,36.522246,43.454928,Gali Zardak,874474,IQ
1706,,49.269,1.6141,Gamaches-en-Vexin,108999,FR
37189,,34.75628,48.43828,Ganj Nameh,903032,IR
36950,,32.169374,13.017562,Garian,344361,LY
43011,,40.1124645,44.7301689,Garni Temple,,AM
36577,,32.566261,22.602681,Gasr ar-Rakam,373794,LY
36578,,32.582681,22.547967,Gasr Bu Zayd,373797,LY
36951,,32.483315,13.699995,Gasr Doga,344364,LY
36952,,32.026267,12.436781,Gasr el-Gezira,344365,LY
36579,,32.624289,22.827284,Gasr Zeitun,373816,LY
36619,Phasiane Theos,42.179957,41.64496,GEO,857274,GE
38712,,47.8735854,14.1380837,"Georgenberg, Micheldorf in Oberösterreich",,AT
36953,,32.849922,13.074156,Geran,344371,LY
36617,Men Karou,37.915011,28.941208,Gereli,638994,TR
36690,Tallaion Antron,35.382882,24.735325,"Gerontospilios, Melidoni",590070,GR
36671,,32.23137,23.28227,Geziret el Marakeb,716560,LY
36913,,38.233389,30.885211,Ghaziri,609389,TR
36558,,36.156256,3.587424,Ghorfa des Ouled Meriem,295265,DZ
36559,,36.12011,3.774913,Ghorfa des Ouled Selama,295266,DZ
37119,,35.728575,65.389205,Ghulbiyan,961910,AF
36954,,31.950027,12.016701,Giado,344378,LY
37190,,34.14105,45.92005,Gilan Gharbi,903034,IR
18144,,49.001017,1.229625,"Gisacum, Le Vieil-Évreux",109007,FR
36620,,43.092008,24.150619,Glava Panega,216823,BG
44461,,47.81206,13.07418,Gnigl,,AT
39460,,47.78952,-2.74002,"Goh Ilis, Plaudren",,FR
24891,,51.86686,0.856729,Gosbecks,,GB
36652,Apollo,34.973899,33.528885,Goshi,707481,CY
42728,,46.773017,15.527745,"Gräberfeld und Heiligtum, Frauenberg, Seggauberg",,AT
20849,,49.9456545924,7.0587673005,Graach,,DE
7783,Grannum?/Andesina?,48.3843,5.48654,Grand,109016,FR
36571,Fines Africae et Cyrenensium,30.279406,18.805925,Graret Gser et-Trab,363962,LY
36993,,37.59868,13.09696,"Grattavole, Sciacca",462222,IT
20834,,50.1412962824,6.6316555061,"Grindelborn, Mürlenbach",,DE
40475,,47.362913,8.542964,Grosser Hafner,,CH
41386,,40.8349539,14.0766539,"Grotta della Sibilla, Pozzuoli",94135344,IT
36994,,38.21125,13.32888,"Grotta Regina, Mondello, Palermo",462223,IT
20874,,50.809025,5.887792,Gulpen,,NL
37099,,29.217325,51.633061,Gur-i Dukhtar,922652,IR
37100,,29.779161,51.614238,Gur-i Shapur,922653,IR
36621,,44.48143,28.525035,"Gura Dobrogei, Cogealac",216828,RO
36623,,44.552758,34.287505,Gurzuf,226614,UA
20716,,49.6424974773,6.925346862,Gusenburg,,DE
37101,,29.851062,52.323731,Guyum,922654,IR
44420,,51.722088,-2.9235704,"Gwehelog Fawr, Monmouthshire",,GB
36703,Demeter,37.02894,25.43123,"Gyroulas, Naxos",599631,GR
17291,,47.1314125,9.0997574,"Hüttenböschen, Mollis",187479,CH
37102,,29.976348,52.926209,Hajjiabad,922656,IR
20491,,49.2224901,7.0278695,"Halberg, Saarbrücken",,DE
36605,,41.167467,34.675441,Hambarkaya,844942,TR
36606,,41.411205,35.034216,Hambarkaya,844943,TR
44515,,33.27499,35.72785,Har Senaim,,SY
25533,,51.790189,0.127079,Harlow,79502,GB
37140,,33.448933,36.52955,Harran el-Awamid,678174,SY
25690,,50.821927,-0.972537,Hayling Island,79504,GB
2202,,49.8997477946,6.7879379875,Heckenmünster,109034,DE
39110,,51.134045,4.4728,Heiligdom Kontich,,BE
19256,,50.0012733,8.2679999,"Heiligtum der Isis und Mater Magna, Mainz",109133,DE
42512,,25.723889,30.553056,"Heiligtum des Piyris, Ain Labakha",,EG
22838,Musae Heliconiae,38.320612,23.073483,Helicon Muses,540951,GR
36955,,33.449969,9.92346,Henchir Krebita,344399,TN
36956,,33.442268,9.939834,Henchir Oum el-Abbas,344402,TN
37055,,34.787805,7.700661,Henchir Oum Iala,334559,DZ
36957,,32.694119,10.546537,Henchir Snem,344405,TN
25616,,51.383098,-2.802202,Henley Wood,79507,GB
21195,Heraion,37.67175,26.885663,Heraion,599641,GR
22270,Heraion,38.028187,22.8522,Heraion,570288,GR
22613,Heraion Argolis/Heraion,37.691944,22.774722,Heraion (Argolis),570289,GR
23682,Hera,40.4885563,14.9697958,"Heraion alla foce del Sele, Capaccio",442610,IT
37122,,34.36432,36.41586,Hermel,668264,LB
37141,,33.368295,35.697434,Hibbariye,678182,LB
20718,,50.2307861434,6.7691867025,Hinterweiler,,DE
20850,,49.6639695194,6.7218290602,Hinzenburg,,DE
20832,,49.8552303993,7.1658439677,Hinzerath,,DE
17774,,49.864326,7.232994,"Hochscheid, Sirona-Tempel",109046,DE
37063,,47.0823314,12.8420345,Hochtor,187410,AT
25656,,52.471413,0.482832,"Hockwold, Hockwold Cum Wilton",79516,GB
26780,,46.746389,14.296944,"Hohenstein, Liebenfels",,AT
20880,,51.396699,5.268429,Hoogeloon,,NL
20719,,50.2488259616,6.946228387,Horperath,,DE
20851,,50.2395067112,6.954566655,"Horperath, Bergheiligtum auf dem Kaselberg",,DE
36864,Asbamaion,37.800047,34.63158,Hortasan Gölü,648573,TR
21724,Baitokaike,34.93071,36.24532,Hosn Suleiman,668205,SY
36566,,31.927134,49.843134,"Hung-i Azdar, Hung-i Nauruzi",912863,IR
36565,,31.944854,49.801998,Hung-i Kamalvand,912862,IR
36567,,31.932829,49.81782,Hung-i Yar-i 'Alivand,912864,IR
37142,,33.907292,35.94873,Husn Niha,678192,LB
26184,,34.40139,36.059253,Husn Sfiri,668267,LB
36705,,37.07754,25.38071,Hyria,599661,GR
45548,,45.46657,22.22122,"Iaz, Caransebeş",,RO
36685,Idaion Antron,35.2082103,24.8289925,Idaion Antron,589817,GR
37165,,41.994283,12.492366,Il Torraccio,423092,IT
37166,,41.826718,12.578755,Il Torraccio,423093,IT
36560,,36.65063,4.211769,Imainserène,295278,DZ
36592,Zeus Antigonios,38.981673,28.612245,Imrenler,550956,TR
36863,Fanum Carisi,40.411572,9.631578,Irgoli,471922,IT
36561,,36.654721,4.192352,Iril Oumaali,295282,DZ
42543,,27.247074,33.297223,Isis-Tempel,,EG
43056,,40.1764984,22.4955445,"Isis, Dion",,GR
37064,Diomedeae Inss.,42.392684,16.259847,island-group,197248,IT
25094,,41.77283,12.25527,Isola Sacra - Temple of Isis and cistern,,IT
41914,,41.696925,13.024731,"Iuno Moneta, Segni",,IT
44513,,33.593066,35.885253,"Jebel Kassir, Mdoukha",,LB
36679,,28.704863,33.635781,Jebel Moneijah,746751,EG
22074,,36.599168,9.863056,Jebel Moraba,208942158,TN
25704,,50.637547,-2.427116,Jordan Hill,79540,GB
36551,,35.561466,-5.845549,Jouima,275647,MA
19483,,50.2307443786,6.6747870451,"Judenkirchhof, Pelm",109244,DE
3650,,48.24458,0.12194,Juillé,,FR
36937,Zeus Melenos,39.648797,30.659554,Kıravdan,609587,TR
36928,"Zeus Bennios, Soter",38.949541,30.059883,Kırkpınar,609577,TR
36912,Cybele,39.109037,30.426741,"Kızılkaya, Üçlerkayası",609354,TR
36940,Zeus Sabazios,38.985349,28.855685,Küpüler/Elek,609590,TR
21974,Kabeirion,38.318092,23.255096,Kabeirion,540844,GR
36663,Nymphaion,35.130441,33.415773,Kafizin CYX,707590,CY
36637,,33.787993,35.987778,Kafr Zabad,678343,LB
36568,,30.707126,50.137002,Kai Ka'us,912875,IR
36654,Athena,34.983613,32.89886,Kakopetria-Agelades,707488,CY
36915,,39.534331,30.42012,Kalabak,609422,TR
23111,Artemis Elaphebolia,38.6367847,22.8955335,Kalapodi,540665,GR
36608,,41.56281,34.073832,Kalekapı,844960,TR
37008,,37.71413,20.991872,Kalogeros,530915,GR
36868,,36.35271,36.93642,Kalota,658492,SY
36599,Eleusinion,37.011458,22.420186,Kalyria Sochous,570216,GR
36781,Antron Kybeles/Mithra,39.16467,27.150037,Kapıkaya,550437,TR
36657,,34.841422,33.262499,Kapsalaes,707524,CY
37180,,36.266666,46.849999,Karaftu,884168,IR
37005,Hipposthenis Monu.,41.024571,28.974272,Karaköy,523981,TR
36869,,37.8693,38.58782,Karakuş,658501,TR
36917,Men Askaenos,38.289695,31.233156,Karakuyu,609462,TR
21108,,25.7191736,32.6566111,Karnak,786050,EG
36691,Theai kai Nymphai,35.418498,26.995614,Karpathos,590075,GR
21409,,42.00333,25.502729,"Kasnakovo, Dimitrovgrad",216862,BG
36774,Ptoios,38.459,23.251,Kastraki,541078,GR
36769,Kyrtones?,38.585688,23.044957,Kastron Kolakas/Karaouli,540898,GR
36587,Phanai,38.216436,25.920451,"Kato Phana, Khios",550819,GR
36698,Artemis Tauropolos,37.62208,26.05971,"Kato Raches, Ikaria",599524,GR
36773,Phokikon,38.485096,22.760566,Kato Tseresi,541051,GR
36756,Archegetes,38.499295,22.741267,Kato Tseresi/Marmaria/Kastrouli,540657,GR
20871,,50.6031277,6.687189,"Katzvey, Mechernich",,DE
37103,,29.618332,51.658333,Kazerun,922666,IR
37118,,37.504626,56.347198,Kelisaye Espakho,952084,IR
36759,Asklepios,38.39434,21.83862,Kephalovrysi,540669,GR
36921,Meter Steunene,39.175719,29.576517,Kesik Mağara,609467,TR
36569,,30.499441,50.465353,Khayrabad Bala,912882,IR
37123,,34.967607,37.6605785,Khirbet el-Bilaas,668285,SY
37143,,33.582734,35.921688,Khirbet el-Knese,678242,LB
22175,,30.907378,35.702957,Khirbet et-Tannur,697687,JO
37124,,34.943692,37.99798,Khirbet Semrin,668287,SY
36712,Kabeireion,39.978822,25.341457,"Khloe, Lemnos",550604,GR
36699,Artemision,37.388532,25.25009,"Khomatovouni, Rheneia",599525,GR
36765,,39.176667,23.624204,Khondro Teikhos,540865,GR
36713,,39.145427,26.099211,Khontro Bigli,550638,GR
37009,,38.715787,20.603485,Khortata,530945,GR
36695,Apollo,36.96543,26.95007,Khristos Ierusalem,599507,GR
36706,,37.638818,26.50031,Khrysomilia,599713,GR
37191,,33.867479,51.592609,Khurramdasht,903065,IR
36920,Meter Phileis,38.388891,28.613595,Killik,609466,TR
39547,Poseidon/Amphitrite,37.5519437,25.1423406,"Kionia, Tinos",590006,GR
37051,,40.907437,24.218925,Kipia,501464,GR
37104,,28.78026,52.827896,Kiratah,922668,IR
21476,Klaros/Claros,38.00466,27.19292,Klaros,599719,TR
20852,,49.8991669109,6.8778124421,"Klausen, Krames",,DE
42507,,25.471944,30.559444,"Kleine römische Tempel, Nadura",,EG
36916,,39.284283,30.023733,Koçak,609439,TR
36890,,23.42629,32.90729,Kobosh,795825,EG
36562,,36.814389,3.816335,Kobr Roumia,295293,DZ
36711,Herakles,39.903351,25.309652,Kome,550572,GR
36658,,34.685125,33.011587,Komissariato,707542,CY
36612,,45.335039,37.129524,Komosarue,854698,RU
44375,Aphrodite Erykine,37.8179,21.93,Kondovazaina,,GR
37015,*Karistoron,42.330809,22.700035,Kopilovci,481874,BG
20821,Varnenum,50.729757,6.193621,Kornelimünster,109411,DE
36749,Apollo,39.303494,23.122138,Korope,540649,GR
44509,,33.35,35.966667,"Korsei el-Debb, Kafr Hawr",,SY
36702,Eleusinioi Theoi,36.843773,27.179789,Kos,599606,GR
36554,,35.65983,1.817621,Koudiat M'rakab,285470,DZ
45301,,39.608221,22.228689,Koutsochero,,GR
36618,Roma et Augustus,37.520416,30.138833,Kozluca,639083,TR
44592,"Hermes, Aphrodite",35.0559606,25.4998661,"Krya Vrysi, Kato Symi",,GR
37056,,35.281593,7.284165,Ksar Djaria,334566,DZ
42319,,47.2257679,15.3366393,"Kugelberg, Frohnleiten",,AT
37105,,29.981808,52.666503,Kuh-i Ayyub,922669,IR
37106,,30.14414,52.532666,Kuh-i Shahrak,922670,IR
39148,,48.548004,10.290641,"Kultbezirk, Sontheim",,DE
37107,,28.667917,52.371605,Kunar Siah,922671,IR
37184,,35.806245,44.96205,Kurh u kich,894029,IQ
37192,,33.189073,46.515468,Kushk Khainfar,903070,IR
37002,Aigaionos Monu.,40.348523,28.393852,Kuzgun Bayir?,511140,TR
21906,Isthmia,37.91524,22.99633,Kyra Vrisi,570316,GR
36747,Aphrodite Phystiou,38.629,21.588,Kyron-Neron/Ag. Triada,540646,GR
18261,,43.93988,4.48777,"L'Ermitage, Notre-Dame-de-Laval",148143,FR
17331,,45.479594,5.765232,La Bauche,167669,FR
45117,,48.96688,2.90143,"La Bauve, Meaux",,FR
20895,,48.714228,1.984448,"La Butte Ronde, Saint-Forget",,FR
17301,,46.001377,6.121991,La Caille,167635,FR
18240,,43.061896,6.148673,La Capte,157797,FR
37151,,41.95212,12.55171,"La Cecchina, Roma",422887,IT
20751,,45.447237,3.097136,La Chapelle-Marcousse,,FR
25839,,43.020212,13.581033,"La Cuma, Monte Rinaldo",413109,IT
45264,,38.122935,-0.672156,"La Escuera, San Fulgencio (Alicante)",,ES
20138,,44.323769,2.974903,"La Fageole, Recoules-Prévinquières",,FR
21014,,48.43333,3.31667,"La Ferme d'Isle, Grisy-sur-Seine",,FR
20737,,47.9989683,-0.7058224,"La Furetière, Entrammes",,FR
45698,,43.479476,-5.226767,"La Isla, Colunga",,ES
18034,,44.948014,5.718745,La Motte-Saint-Martin,167846,FR
39399,,44.586463,-0.029494,La Réole,,FR
44458,,50.400867,4.575076,"La Taille Marie, Aiseau",,BE
20733,,47.831682,-0.353501,"La Tour, Sablé-sur-Sarthe",,FR
20622,,46.9038227,2.5483549,"La Touratte, Dun-sur-Auron",,FR
22650,Labraunda/Labranda,37.418971,27.819967,"Labraunda, Ortaköy, Muğla",599745,TR
39331,,46.415449,5.752648,"Lac-d'Antre, Villards-d'Héria",,FR
18049,,44.231758,5.638055,Lachau,148104,FR
26551,,43.87362,11.69661,"Lago degli Idoli, Monte Falterona, Stia",413079,IT
25618,,51.123942,-2.473627,"Lamyatt Beacon, Lamyat",79554,GB
20853,,50.0056378739,6.7401202617,Landscheid,,DE
36659,,34.577225,32.996144,Laneia,707554,CY
37193,,34.52229,51.000769,Lang-i Rud,903072,IR
17549,,44.500731,3.571598,Lanuéjols,167801,FR
18212,,44.130809,3.383538,Lanuéjols,148106,FR
20114,,43.9956249,3.098039,Lapanouse-de-Cernon,,FR
22273,,38.372142,21.530175,Laphrion,,GR
39133,,48.970776,9.286698,"Lapidarium, Steinheim/Murr",,DE
20755,,45.709772,2.567631,Lastic,,FR
36660,,35.127665,32.790763,Laxia tis Skhistis,707557,CY
39459,,46.8709904,5.7484817,"Le Bioulet, Pupillin",,FR
17698,,44.890266,3.790115,Le Bouchet-Saint-Nicolas,167682,FR
17408,,49.656014,2.3663599,"Le Catillon, Rouvroy-les-Merles",109289,FR
19340,,43.974459,2.987631,"Le Combalou, Roquefort-sur-Soulzon",,FR
15774,,48.5125272,7.1644208,Le Donon,,FR
42228,,49.88708,2.702699,"Le Fief du Bac, Proyart",,FR
17004,,47.65877,6.86604,"Le Martinet, Offemont",,FR
16985,,45.574983,2.809278,Le Mont-Dore,,FR
17409,,49.854813,2.100046,"Le Moulin, Fluy",108987,FR
39457,,47.84551,-2.09984,"Le Mur, Comblessac",,FR
26346,,49.239776,-2.250108,Le Pinnacle,69551,GB
26624,,50.03359,1.87157,"Le Rideau/Les Brimeux, Bailleul",,FR
42516,,25.6014,30.728178,"Lehmziegeltempel, Deir el-Munira",,EG
21294,,46.831476,13.421322,Lendorf,187451,AT
17569,,45.818962,4.662736,Lentilly,167807,FR
19475,,49.749972706,6.6137112662,"Lenus Mars, Am Irminenwingert, Trier",,DE
36687,,35.589599,24.107734,"Lera, Stavros",589904,GR
18143,,49.1885,1.60415,"Les Bois des Fours à Chaux, Bû",108833,FR
44406,,48.65617,6.21522,Les Cinq Fontaines,,FR
17579,,47.964176,5.222123,"Les Clairs Chênes, Faverolles",177521,FR
18110,,46.658886,-1.571227,Les Courents,138315,FR
39385,,49.345841,1.021004,"Les Essarts, Grand-Couronne",,FR
20624,,46.813337,2.411545,"Les Fons Clairins, Uzay-le-Venon",,FR
39451,,48.54916,3.606658,"Les Grèves, La Villeneuve-au-Châtelot",,FR
26626,,50.13252,2.34789,"Les Huit Journaux, Beauval",,FR
18162,,45.49345,1.876713,"Les Jaillants, Pradines",138655,FR
20727,,46.598854,1.516462,"Les Mersans, Saint-Marcel",,FR
18132,,49.5646384113,1.8354759099,"Les Muguets, Songeons",109349,FR
39455,,49.24691,1.12958,"Les Régales, Louviers",,FR
18140,,49.133663,2.085254,"Les Terres Noires, Épiais-Rhus",108962,FR
18747,,49.120178,1.771454,"Les Vaux de la Celle, Genainville",109004,FR
21461,Letoon,36.331944,29.289722,Letoon,638958,TR
44512,,33.4825,35.723889,Libbaya,,LB
36738,,41.567519,15.009553,Lincietti,442638,IT
20877,,51.82029,5.407505,Lith,,NL
37172,,41.698769,2.847575,Lloret de Mar,246472,ES
37175,,42.2952,-1.2658,"Los Atilios, Sádaba",246598,ES
36550,Fortuna,38.20965,-1.11363,Los Baños,265899,ES
36995,,38.43266,-6.59005,Los Cuadriales,256139,ES
40178,,41.62333,-4.16962,"Los Hoyos, Padilla de Duero",,ES
18500,,44.043569,1.894544,Loubers,246285,FR
24867,Lousoi,37.9719,22.1121,Lousiko/Chamakou,570438,GR
39559,,46.634307079,6.431751201,Lucherans,,CH
25608,,51.721465,-2.557442,Lydney,79583,GB
44341,,37.507,22.168,Lykochia,,GR
18163,*Licontio/*Ligontio,49.398113,1.467159,Lyons-la-Forêt,109128,FR
1223,,49.8274734998,6.589434132,Möhn,109170,DE
17479,,44.056192,0.25648,Mézin,246500,FR
20854,,50.1577738896,6.6528607282,Mürlenbach,,DE
26485,,41.234067,15.003939,"Macchia Porcara, Casalbore",442531,IT
42340,,40.82616,14.12047,Macellum Tempio di Serapide,,IT
4663,,48.924022,7.17889,Mackwiller,,FR
36861,Plemmyrion,37.02503,15.31546,"Maddalena, Siracusa",462451,IT
26461,,41.677979,13.908213,"Madonnna di Canneto, Settefrati",432920,IT
36908,Apollo Lairmenos,38.224614,29.314553,Maeander fl.,609312,TR
37153,Dea Dia,41.83614,12.44195,"Magliana, Roma",422916,IT
37010,,38.899239,20.916795,Magoula,530988,GR
36770,,39.740123,22.363387,Magoula Kastri,540924,GR
36754,Apollo Tegyraios,38.517762,23.025796,Magoula Pirgou,540654,GR
36763,Iton?,39.164654,22.71106,Magoula Zirilia,540842,GR
38834,,47.59439226,7.680939516,"Maienbühl, Riehen",,CH
37194,,33.175424,46.945497,Maimeh,903076,IR
39300,,43.8382847,4.3560109,"Maison Carrée, Nîmes",,FR
37128,,34.44483,36.05606,Makam er-Rab,668343,LB
36775,Pyra,38.752,22.299,Makrorrakhi,541080,GR
23119,Athena Itonia,38.388908,23.004784,Mamoura,540678,GR
36716,Meter Theon,38.917185,27.428819,Mamurt Kale,550737,TR
36856,,37.76113,13.03739,"Mandra di Mezzo, Poggioreale",462297,IT
36714,,39.051285,26.437616,Manna,550719,GR
37125,,34.611077,36.292737,Maqam er-Rab,668304,LB
37108,,29.804928,52.981765,Maqsudabad,922676,IR
37006,Ag. Ioannis Rodakis,38.6454,20.6469,"Marantochori, Lefkada",530776,GR
36857,,37.17935,14.25053,"Marcato, Butera",462299,IT
39384,,49.33865949,1.04986873,"Mare-du-Puits, Oissel",,FR
16974,,45.45082,2.42623,Margerides,138447,FR
36635,,33.646317,35.481243,Marjiat,678283,LB
36771,,38.974607,24.484265,Markesi,540934,GR
17638,,46.399223,0.972994,"Masamas, Saint-Léomer",138451,FR
37126,,34.09021,35.77034,Mashnaqa,668311,LB
36570,,31.98374,49.28161,Masjid-i Suleiman,912906,IR
36733,Sirenae,40.603887,14.335469,Massa Lubrense,433123,IT
41676,,39.375115,8.699073,"Matzanni, Domusnovas",,IT
43123,,36.35285,9.62625,"Mausolée de Caïus Iulius Augustus Felix, Bou Arada",,TN
23842,,41.8550631,12.5181785,"Mausoleo di Romolo, Roma",,IT
36772,Artemis Agroteira,38.225669,23.045128,Mavrovouni,540938,GR
36661,,34.950533,33.342979,Mavrovounoi,707578,CY
21298,,46.34904,11.01749,"Mechel, Cles",187471,IT
1211,,49.8881157518,6.518048272,Meckel,,DE
37147,,25.71982,32.60067,"Medinet Habu, Mortuary Temple of Ramesses III",321318358,EG
36942,,35.70726,6.43468,"Medracen, Boumia",334591,DZ
36678,,29.3880544,31.1568042,Meidum,736958,EG
36884,,25.720556,32.610556,Memnon Colossi,786066,EG
36655,Baal-Hamman,35.101223,33.15302,Meniko-Likarkes,707490,CY
17304,,45.854925,6.188939,Menthon-Saint-Bernard,167832,FR
19898,,50.2930572,7.5698575,"Merkurtempel, Stadtwald, Koblenz",,DE
22001,Nekromanteion,39.23622,20.53396,"Mesopotamo, Nekromanteion",531011,GR
22652,Messon,39.196383,26.30533,"Messa, Lesbos",550734,GR
36717,,38.207966,26.027536,Metokhi,550740,GR
19120,,49.664408,6.509593,"Metzenberg, Tawern",109361,DE
36958,,31.969279,11.97282,Mezgura,344442,LY
3784,,49.2916,9.15374,"Michaelsberg, Böttingen",,DE
40631,[Runingenburc],49.03854,9.04568,"Michaelsberg, Cleebronn",,DE
20860,,50.3433582067,6.7223192864,"Michelsberg, Leudersdorf",,DE
44349,,53.18426,-2.88944,"Minerva's Shrine, Chester",,GB
36727,Marica,41.229232,13.758706,Minturno,432925,IT
37174,,41.235978,-0.037789,"Miralpeix, Caspe",246502,ES
20627,,46.786452,0.181821,Mirebeau,,FR
39470,,49.609558,0.440581,Mirville,,FR
45650,,49.06266,9.00468,"Mithräum I, Güglingen",,DE
40633,,49.061623,9.005662,"Mithräum II, Güglingen",,DE
45649,,49.90197,8.846936,"Mithräum, Dieburg",,DE
20282,,48.1499684,7.7465295,"Mithräum, Riegel",,DE
45657,,46.413452,15.839818,"Mithraeum I, Ptuj",,SI
45658,,46.412505,15.839796,"Mithraeum II, Ptuj",,SI
42096,,46.420531,15.865384,"Mithraeum III, Zgornji Breg, Ptuj",,SI
45665,,47.4736,-0.5542,"Mithraeum, Angers",,FR
45660,,45.272229,0.171146,"Mithraeum, Aubeterre-sur-Dronne",,FR
45693,,44.834764,-0.573687,"Mithraeum, Bordeaux",,FR
45691,,44.3701357,4.6410951,"Mithraeum, Bourg-Saint-Andéol",,FR
45696,,37.47115,-4.44755,"Mithraeum, Cabra",,ES
44351,,55.033849,-2.222541,"Mithraeum, Carrawburgh",,GB
45661,,54.963727,-2.763704,"Mithraeum, Castlesteads",,GB
45699,,34.749954,40.725811,"Mithraeum, Dura-Europos",,SY
45695,,37.417645,-4.725476,"Mithraeum, Fuente Álamo, Puente Genil",,ES
20820,,49.373943,8.157275,"Mithraeum, Gimmeldingen",,DE
25448,,55.010252,-2.329113,"Mithraeum, Housesteads Temple 3",832240145,GB
45664,,55.936541,-3.0546636,"Mithraeum, Inveresk",,GB
39147,,48.274055,10.87458,"Mithraeum, Königsbrunn",,DE
45662,,48.66872,13.08028,"Mithraeum, Künzing",,DE
45690,,47.123839,4.959429,"Mithraeum, Les Bollards",,FR
22909,,51.512628,-0.091644,"Mithraeum, London",17649950,GB
40573,,47.8936648,12.1447421,"Mithraeum, Mühlheim, Prutting",,DE
45681,,46.096268,7.070319,"Mithraeum, Martigny",,CH
19532,,49.0089175,9.2106464,"Mithraeum, Mundelsheim",,DE
44350,,55.001501,-1.828634,"Mithraeum, Rudchester",,GB
45700,,48.730274,7.053757,"Mithraeum, Sarrebourg",,FR
45701,,44.090588,24.522896,"Mithraeum, Slăveni",,RO
43209,,49.7474096373,6.6418825512,"Mithraeum, Spitzmühle, Alt-Heiligkreuz",,DE
45702,,50.806316,4.92399,"Mithraeum, Tienen",,BE
45697,,38.486299,-8.8847364,"Mithraeum, Tróia",,PT
45689,,45.89768,5.68279,"Mithraeum, Vieu",,FR
39139,,49.073357,10.832198,"Mithraeum, Wachstein",,DE
40725,,49.415855,8.679235,"Mitraeum I, Neuenheim",,DE
40724,,49.413967,8.693815,"Mitraeum II, Neuenheim",,DE
45672,,41.902964,12.4891,"Mitreo Barberini, Roma",,IT
45673,,41.89981,12.485662,"Mitreo d'Orazio Muti, Roma",,IT
45659,,43.0091412,-7.5590953,Mitreo de Lugo,,ES
45675,,41.89291,12.482628,Mitreo del Campidoglio «lo Perso»,,IT
45670,,41.888114,12.482856,"Mitreo del Circo Massimo, Roma",,IT
45671,,41.894894,12.501063,"Mitreo dell'Esquilino, Roma",,IT
45674,,41.898252,12.47858,"Mitreo della Cripta di Balbo, Roma",,IT
45668,,41.879922,12.493118,"Mitreo delle Terme di Caracalla, Roma",,IT
45663,,41.13598,1.38634,Mitreo dels Munts,,ES
45680,,42.410948,11.286628,Mitreo di Cosa,,IT
45677,,45.7843,13.5979,Mitreo di Duino,,IT
45676,,41.769369,12.65559,Mitreo di Marino,,IT
45687,,40.903872,12.954894,Mitreo di Ponza,,IT
45666,,41.889675,12.497281,"Mitreo di San Clemente, Roma",,IT
45667,,41.883213,12.483655,"Mitreo di Santa Prisca, Roma",,IT
45669,,41.884655,12.496744,"Mitreo di Santo Stefano Rotondo, Roma",,IT
45654,,41.0801947,14.2520647,"Mitreo, Santa Maria Capua Vetere",,IT
45679,,42.41933,11.6303,"Mitreo, Vulci",,IT
36776,Serapis,38.586845,22.91291,Mixis-Smixi,541098,GR
36758,Artemis Hegemone,38.58354,21.64621,Mokista/Agia Sofia,540666,GR
36858,,37.10203,13.87714,"Mollarella, Licata",462319,IT
36718,,39.337532,26.199021,Monasteraki,550748,GR
18151,,47.821045,1.476534,"Moncelon, Briou",138290,FR
36779,Zeus Hypatos,38.40002,23.41105,Moni Sagmata,541179,GR
18233,,42.981286,0.5370247,"Mont Sacon, Nistos / Sacoue",246520,FR
40736,,50.259926,4.915131,"Mont-Fat, Dinant",,BE
42612,,41.73473,12.78394,Monte Algido,426632,IT
37155,Iuppiter Latiaris,41.750158,12.709346,Monte Cavo,422949,IT
36728,,41.62933,13.49042,"Monte dei Fichi, Boville Ernica",432951,IT
37157,,41.864629,12.549328,Monte del Grano,422973,IT
36859,,37.10823,13.87515,"Monte Poliscia, Licata",462357,IT
37150,Aefula,41.93192,12.82197,"Monte S. Angelo in Arcese, Tivoli",422821,IT
26543,,45.9166,10.81898,"Monte San Martino, Campi, Riva del Garda",383713,IT
16592,Drion,41.7081385,15.954751,Monte Sant'Angelo,442570,IT
42230,,42.628333,12.60277,"Monte Torre Maggiore, Terni",,IT
20617,,47.613028,6.3755119,Montjustin-et-Velotte,,FR
36625,,36.15588,6.641021,Monument at Ain bou Merzoug,183817896,DZ
21631,Monumentum Regiae Gentis,36.5749645,2.552802,Monumentum Regiae Gentis,295310,DZ
38781,,46.657062,6.53801,Mormont,,CH
45305,,39.333456,21.819245,Moschato,,GR
17730,,44.272472,1.294166,"Moulin du Souquet, Castelnau-Montratier",138277,FR
37139,Garizein Mons/Gerizim Mons,32.200742,35.273414,Mount Gerizim,678147,PS
36609,Poseidon,41.686799,32.250706,mouth of Bartin Su,845043,TR
36959,,32.582303,14.039974,Msellata,344445,LY
37014,Zeus Ainesios,38.135248,20.672977,Mt. Ainos,531158,GR
36760,Athena,38.787274,22.371895,Mt. Oeta,540680,GR
37050,Zeus Olympios,40.046745,22.35171,Mt. Olympus,491756,GR
37109,,29.096565,52.655808,Muk,922681,IR
39107,,51.005058,5.713491,Mulheim,,BE
36729,,41.369447,14.205497,Mura delle Fate,432974,IT
36613,,25.483179,28.9732,Mut el-Kharab,624813669,EG
36662,,35.28681,33.086765,Myrtou,707584,CY
36677,Andrianton,29.37404,30.87083,N Biyahmu,736887,EG
36855,Hexapyla,37.107677,15.255154,N Siracusa,462241,IT
36704,Hierakome,37.389566,28.04462,N Turgut,599646,TR
19321,,50.5336203,6.7030087,Nöthen / Pesch,109214,DE
36719,,38.557479,26.083139,Nagos,550765,GR
37195,,33.967929,51.099442,Naisar,903085,IR
18748,,48.632434,5.386586,Naix  temple,,FR
39101,,47.700556,-2.505833,"Nal, La Vraie-Croix",,FR
17398,,49.512433,4.300208,Nanteuil-sur-Aisne,109189,FR
22313,,29.966344,52.887438,Naqsh-i Rajab,922684,IR
22312,,29.9889,52.87446,Naqsh-i Rustam,922685,IR
37196,,33.506944,51.913611,Natanz,903086,IR
20835,,50.035516,6.526414,Nattenheim,,DE
37111,,28.792266,52.412769,Naudaran,922686,IR
37182,,54.343492,-6.682569,Navan,89250,GB
26572,*Incerulae,42.23846,13.72837,Navelli,413175,IT
37197,,34.673036,50.261057,Navish,903087,IR
36788,Ameria,40.633506,36.976865,"near Ardıçlı, formerly Agustu",857022,TR
36590,Tantalus Monu.,38.575013,27.514705,near Taş Süret,550903,TR
36636,,33.49663,35.74699,Nebi Safa,678302,LB
20598,,50.107347682,6.5639135582,"Neidenbach, temple",,DE
21931,Nemea,37.808904,22.7108171,Nemea,570504,GR
25435,,38.217396,24.027674,Nemesis,580034,GR
22227,Diana,41.723936,12.710217,Nemi,422917,IT
36871,,37.98068,38.74073,Nemrud Daği,658544,TR
36684,Eileithyias Antron,35.318405,25.21053,Neraïdospilios/Koutsouras cave,589769,GR
25588,,51.490763,-2.25777,Nettleton,79609,GB
20863,,49.9967082584,6.9448659629,Neuerburg,,DE
20839,,49.8104940101,6.6008703431,Newel,,DE
25432,,53.694369,-6.475031,Newgrange,79612,IE
17553,,44.673973,4.258982,Neyrac-les-Bains,167853,FR
20872,,50.692733,6.4829994,Nideggen,,DE
20840,,49.9427230224,6.755593844,Niersbach,,DE
42253,,43.029277,13.8572924,"Ninfeo romano, Cupra Marittima",,IT
23839,,41.8279699,12.5480362,"Ninfeo Villa dei Quintili, Roma",,IT
2024,Minatiacum,49.568119,4.054313,Nizy-le-Comte,109166,FR
42513,,25.725833,30.553333,"Nordtempel, Ain Labakha",,EG
42525,,25.49288,30.509862,"Nordwesttempel, Ain el-Bileida",,EG
44376,,37.847,21.688,"Notenon Monastery, Skiada",,GR
42220,Mercurius,48.843395,2.327117,"Notre Dames des Champs, Paris",,FR
20255,,49.256758,1.409052,"Noyers, Les Andelys",109226,FR
39391,,47.337559,-0.232727,"Nymphée, Gennes",,FR
11691,,51.1673,10.4188,Oberdorla,118886,DE
20841,,50.032089447,6.6955385195,Oberkail,,DE
41796,,47.611255,8.3483,Oberlauchringen,,DE
17527,,43.658404,3.297718,Octon,148146,FR
23774,,41.897237,12.473672,Odeum,,IT
18166,,48.346449,0.075101,Oisseau-Le-Petit,69544,FR
25115,,37.971924,23.726389,Old Temple of Athena,,GR
36882,Abaton,24.041393,32.897895,on Bigah Is.,785957,EG
36709,Poseidon Phytalmios?,36.7378,25.361,on Ios,599899,GR
36596,Artemis Limnatis,37.546685,21.699566,on Lapithos M.,570119,GR
36694,Apollo Lepsios,37.306356,26.772758,on Leipsoi,599505,GR
36697,Artemis Parthenos,37.189532,26.803339,on Leros GRE,599523,GR
36976,Melpeia,37.43148,21.963136,on Mt. Lykaion,570476,GR
36701,Athena Poliouchos,37.120824,25.440101,on Naxos,599540,GR
36902,Zeus Melosios,37.047029,25.518719,on Naxos,600002,GR
36901,Thermai,36.61651,27.17395,on Nisyros,599977,GR
36710,Poseidon?,37.143535,25.293231,on Paros,599901,GR
43463,Delion,37.10352,25.15487,on Paros,599586,GR
43464,Eileithyaia/Zeus Hypatos/Aphrodite?,37.10146,25.17619,on Paros,,GR
43454,"Athena, Zeus?",36.43255,25.41837,on Santorini,599541,GR
17665,,47.84251,8.93987,Orsingen,187499,DE
36740,,41.040633,15.32846,"Oscata di Sopra, Bisaccia",442701,IT
26592,Compitum,41.72951,13.13954,"Osteria della Fontana, Anagni",422908,IT
20715,,50.0138638113,6.54617437,"Otrang, Fließem",,DE
36783,Apollo Karios,38.30012,27.93765,Ovacık,550441,TR
36935,Zeus Keraunios?,38.666587,28.715181,Pırnar Tepe,609585,TR
44403,,51.360786,-2.637273,"Pagans Hill, Chew Stoke",,GB
37185,,35.118595,45.711981,Paikuli,894058,IQ
36585,,39.93652,25.255183,Palaio Pretorio,550798,GR
36692,Zeus Thenatas,35.330024,25.222678,Palaiokhora/Amnisos,590101,GR
22853,Megaloi Theoi,40.5009431,25.5302283,Paleapoli,501510,GR
44342,Athena,37.4132,21.7223,Palio Prasidaki,,GR
36688,,35.590163,24.142179,"Panagia Arkoudiotissa, Gouverneto",589971,GR
36693,Apollo Asgelatos,36.361333,25.823783,"Panagia Kalamiotisa, Anafi",599504,GR
36730,,41.093134,13.915227,"Panetelle, Mondragone",433012,IT
22897,‘Iovis Lareni’/Ocriticum,42.002986,13.990212,"Pantano, Cansano",432886,IT
10302,Patriacum,46.203,2.1513,Parsac,138511,FR
36924,Potamos,39.686107,31.171128,Parsi Bey Köy,609509,TR
22030,Parthenion,44.497827,33.489872,Parthenion,226713,UA
25114,,37.971519,23.726633,Parthenon,,GR
17322,,45.923392,6.684919,Passy,167866,FR
36686,Kranaion Antron,35.243586,24.573798,Patsos cave,589881,GR
37011,,39.932825,20.178516,Pecë,531050,AL
43547,Zeus Akraios,39.40758,23.04788,Pelion,541178,GR
36978,,37.639776,24.33575,Pera Milous,570582,GR
36750,Apollo,38.453991,23.252585,Perdikovrysi,540650,GR
36664,,35.046085,33.704175,Pergamos,707606,CY
18115,,47.390631,-1.468331,Petit-Mars,138512,FR
36741,,40.4023,16.78531,"Pezzica, Bernalda",442723,IT
38835,,47.577540803,7.641812122,"Pfaffenlohweg, Riehen",,CH
36600,Hermai,37.32399,22.543094,Phonemenoi,570291,GR
42940,,42.10213,13.75586,"Pié di Francia, Castel di Ieri",,IT
23748,,42.2590011,11.8010949,"Pian di Civita, Tarquinia",,IT
20503,,46.946853,1.225093,"Pied de Bourges, Clion",,FR
20873,,50.808539,6.378785,Pier,,DE
18046,,44.23506,6.01039,Pierre Écrite,157905,FR
36860,,37.48538,14.0709,"Pietra Rossa, Caltanissetta",462437,IT
21761,,41.740515,14.387746,Pietrabbondante,433025,IT
23834,Callicula,41.336215,14.169445,Pietravairano,,IT
26552,,43.647445,11.82588,"Pieve Socana, Castel Focognano",413254,IT
36689,,35.22627,25.34834,"Pigi, Ag. Panteleimon",589997,GR
26351,,47.1185119,10.6669541,"Pillerhöhe, Fließ",187510,AT
45341,Hermaion,39.1271303,22.3972716,Pirgaki,,GR
20635,,48.163734,2.202981,Pithiviers-le-Vieil,109248,FR
10653,,46.60212,12.9431255,Plöckenpass,187514,AT
20770,,46.737042,0.765208,Pleumartin,,FR
20759,,47.965817,6.460263,Plombières-les-Bains,,FR
39151,,47.801346,7.671381,"Podiumstempel, Badenweiler",,DE
36676,Karnasion,37.266348,21.948808,Polichni,570331,GR
36647,Apollo Alasiotas,35.020143,33.278243,Politiko,707475,CY
36761,Demeter,38.635554,22.552353,Polydrosos,540728,GR
37161,Sep. Plautii,41.954623,12.762433,Ponte Lucano,423066,IT
36708,,36.623294,27.85236,Pontikokastro,599897,GR
38840,,47.428407196,7.077123973,Porrentruy,,CH
36742,,40.262426,17.897555,Porto Cesareo,442730,IT
41946,,40.13008,-5.30833,"Postoloboso, Candeleda",,ES
36651,Apollo,35.045617,33.453444,Potamia-Ellines,707480,CY
17461,,46.782648,-0.837243,Pouzauges,138522,FR
26604,,41.66391,12.48009,"Pratica di Mare, Pomezia",183817905,IT
37048,,41.2080847,22.4991792,Prdejci,491702,MK
36980,Zeus,37.621034,24.359075,Profitis Elias,570763,GR
37012,,38.830726,20.810848,Profitis Elias,531073,GR
36595,Apollo Maleatas,37.12702,22.710967,"Prophitis Ilias, Kosmas",570097,GR
36681,Aigaion Antron,35.1627678,25.444909,Psykhro/Diktaian cave,589675,GR
18276,,43.9709770533,3.0998927202,"Puech Caut, Sainte-Eulalie-de-Cernon",,FR
39979,,37.189102,-7.359701,"Punta del Moral, Isla de Canela, Ayamonte",,ES
23177,Minerva,40.569248,14.324791,"Punta della Campanella, Massa Lubrense",432937,IT
37198,,33.291443,46.952321,Pusht-i Arisht,903097,IR
18100,,45.9297689,1.869932,Puy Lautard,138527,FR
37144,,46.0336346,1.568757,"Puy-de-Jouër, Saint-Goussaud",138556,FR
36648,Apollo Mageirios,35.010287,33.690586,Pyla-Stavros/Palaikastro,707477,CY
37112,,29.688297,53.131556,Qadamgah,922703,IR
37127,,35.0999,36.24415,Qadboun,668342,SY
44505,,33.2866,35.6688,Qal'at Bustra,,LB
37136,Atargatis,33.99801,35.80772,Qal'at Faqra,678039,LB
36866,Chordiraza?/Baisampse?,36.583961,38.252706,Qal'at Najm,658437,SY
36885,,26.00514,32.81783,Qala,786093,EG
37113,,29.066671,51.900013,Qanat-i Bagh,922705,IR
44507,,33.416667,35.85,Qasr Chbib,,SY
42517,,25.584444,30.590833,Qasr ed-Dabaschiya,,EG
37129,,34.08741,36.11797,Qasr el-Banat,668344,LB
36881,[Per-ousekh],25.28664,30.55789,Qasr el-Ghuweita,776215,EG
36639,,33.843412,36.303996,Qasr Nemrud,678349,LB
37085,,36.53173,42.508844,Qasr Serij,874655,IQ
36895,Tzitzis,23.65342,32.8803,Qertassi,795876,EG
37186,,35.831888,44.957068,Qizqapan,894075,IQ
36638,,33.91336,35.99056,Qsarnaba,678348,LB
37154,Fortuna Muliebris,41.843745,12.555806,"Quadraro, Roma",422926,IT
36734,‘Trebula’,41.91368,14.28291,Quadri,433163,IT
36573,,31.148582,16.95207,Quarrush,364007,LY
37156,Iuppiter?,41.840026,12.536854,"Quarto miglio, Roma",422950,IT
20842,,49.9486157558,6.5767045418,Röhl,,DE
44692,,49.87701,6.92369,"Römerbrunnen, Niederemmel",,DE
19257,,50.6136669,6.7908655,"Römischer Heidentempel, Kreuzweingarten",,DE
26576,,42.102584,13.814815,Raiano,413281,IT
20137,,45.591797,2.948923,"Rajat, Murol",,FR
20856,,49.8124874757,6.5172512287,"Ralingen, Sauerbrunnen",,DE
36602,Ramesseum,25.727778,32.610556,"Ramesseum, Mortuary temple of Ramesses II",963047542,EG
36665,,34.685588,32.624417,Rantidi,707615,CY
36672,Leuke Akte,31.230934,27.857983,Ras el-Abiad,716587,EG
36960,,32.430474,13.785989,Ras el-Haddagia,344468,LY
41237,Casius Mons,31.2116,33.0779,Ras Qasrun/Khatib el Gals,687872,EG
22855,,39.121933,27.183391,"Red Basilica (Serapis Temple), Bergama",,TR
23843,,41.8651843,12.516428,"Redicolo, Roma",423022,IT
45003,,49.5370834,7.2830279,Reichweiler,,DE
44315,,49.77998,2.39216,Remiencourt,,FR
44405,,49.77998,2.39216,Remiencourt,,FR
36886,,24.57108,32.89397,Resras,786097,EG
20645,,49.84939,2.12168,Revelles,,FR
38728,,47.57542,7.761292,Rheinfelden (Baden),,DE
17404,,49.9644208005,2.5540398372,Ribemont-sur-Ancre,109278,FR
37187,,33.844805,41.819485,Rijelat Umm Kubar,894079,IQ
17800,,51.497391,4.683738,Rijsbergen,109282,NL
36680,,29.469012,35.254592,Risqah,746807,JO
42127,,37.567222,14.288056,"Rocca di Cerere, Enna",,IT
36743,,40.426403,15.193007,Roccadaspide,442747,IT
26468,,41.60048,14.56135,"Roccaspromonte, Castropignano",433067,IT
25856,,39.790676,19.787678,Roda,531087,GR
44338,Zeus Areios,39.7276,20.7309,"Rodotopi, Ioannina",,GR
39106,,51.202164,5.972786,Roermond,,NL
36961,,31.951602,12.169397,Rogeban,344472,LY
18072,,43.663327,5.347199,Rognes,148169,FR
20867,,49.42494,4.176932,Roizy,,FR
18076,,43.532393,5.27003,Roquepertuse,148174,FR
36744,,40.69114,15.94761,"Rossano, Vaglio Basilicata",442750,IT
22687,Zeus Diktaios/Eleia?,35.19517,26.27555,"Roussolakkos, Palaikastro",590100,GR
23436,Hieron (Byzantion),41.1812426,29.0735977,Rumelikavağı,521034,TR
36745,,40.718153,15.679287,Ruoti,442754,IT
36580,,32.923801,22.1138,Ruus el-Aslab,373882,LY
36898,,27.74252,36.277823,Ruwwafah,814729,SA
37000,,38.64328,-7.44304,S. Miguel de Mota,256429,PT
22917,Ceres et Faustina,41.857844,12.524306,"S. Urbano, Roma",422889,IT
36929,Zeus Bronton,40.005982,29.917248,"Sırasöğütler, Ahmetler",609578,TR
36925,Tekmoreioi,38.432562,31.004776,Sağır,609547,TR
18229,,42.98801,0.563217,Sacoué,246597,FR
17683,,46.010863,3.9382,Saint-Alban-les-Eaux,167891,FR
17593,,44.61861,3.08167,"Saint-Andéol, Marchastel",138549,FR
18164,,49.557165,1.212792,Saint-André-sur-Cailly,109304,FR
18145,,49.14808,1.32437,Saint-Aubin-sur-Gaillon,109305,FR
18123,,49.330833,-0.392896,Saint-Aubin-sur-Mer,69560,FR
18226,,42.9151529,0.692118,Saint-Béat,246600,FR
17690,,45.590322,4.318391,Saint-Galmier,167894,FR
20086,,47.750877,4.668739,Saint-Germain-le-Rocheux,,FR
18113,,46.902738,-1.998738,Saint-Gervais,138555,FR
17505,Medilianum?,43.504942,3.311143,"Saint-Jean, Roujan",148175,FR
2140,,49.5059019,2.4319189,Saint-Just-en-Chaussée,109309,FR
17551,,44.606854,3.9706,Saint-Laurent-les-Bains,167897,FR
17555,,44.500462,4.484154,Saint-Maurice-d'Ibie,167900,FR
20154,,42.9837364,0.6693352,Saint-Pé-d'Ardet,,FR
44982,,45.572463,5.924525,Saint-Pierre de Lémenc,,FR
20155,,44.57164,-0.19168,Saint-Pierre-d'Aurillac,,FR
20156,,43.1716214,0.5764462,Saint-Plancard,,FR
17705,,46.395025,2.607516,Saint-Victor,138564,FR
17552,,44.712394,4.1334,Sainte-Abeille,167890,FR
17764,,49.105294,6.096339,Sainte-Ruffine,109315,FR
38848,,47.645992603,9.001673658,"Salen, Homburg",,CH
17321,,45.472429,6.533888,Salins-les-Thermes,167909,FR
36610,,41.547875,34.662639,Sallar,845053,TR
36998,Menestheus,36.73512,-6.46823,Salmedina Is.,256294,ES
17689,,45.73676,4.28811,Salt-en-Donzy,167910,FR
36899,Poseidon?,37.712168,27.050843,Samos,599902,GR
36874,Zeus Aglaios,40.39146,16.74649,"San Biagio, Bernalda",442859,IT
22289,,43.44468,11.90019,"San Cornelio, Arezzo",413070,IT
26477,,41.598459,14.75547,San Giovanni in Galdo,433086,IT
36732,,41.84293,14.56192,San Giovanni Lipioni,433087,IT
37177,,42.22589,-1.11806,"San Jorge, Biota",246619,ES
37087,,39.91964,8.4531,San Salvatore di Cabras,472008,IT
44314,,49.31647,2.60445,Sanctuaire à Pont-Sainte-Maxence,,FR
39562,,46.516656321,6.600485485,"sanctuaire celte, Lausanne-Vidy",,CH
20731,,47.968534,0.166283,"Sanctuaire de Mars Mullo, Allonnes",,FR
42683,,45.78126,-0.00865,"Sanctuaire des Bouchauds, Saint-Cybardeaux",,FR
39578,,46.783469832,7.17705535,"Sanctuaire souterrain, Pierrafortscha",,CH
45481,,47.44932,6.79291,"Sanctuaire, Mandeure",,FR
22844,,37.083,22.435,"Sanctuary of Artemis Orthia, Sparti",,GR
43654,,38.748883,22.857474,Sanctuary of Asclepios,,GR
44546,,41.8871064,12.7157013,Sanctuary of Juno Gabina,,IT
25112,,37.9714,23.728,Sanctuary of Pandion,,GR
22852,,37.1858688,21.9243404,"Sanctuary of Zeus Ithomatas, Mavromati",,GR
25111,,37.9718,23.7273,Sanctuary of Zeus Polieus,,GR
41881,,44.456219,5.748653,"Sanctuary, La Bâtie-Montsaléon",,FR
36999,Phosphoros/Lux Dubia,36.77825,-6.35409,Sanlúcar de Barrameda,256363,ES
37149,,42.1492,13.29334,"Sant'Anatolia, Borgorose",413295,IT
22559,Diana Tifatina,41.118294,14.260515,"Sant'Angelo in Formis, Capua",432813,IT
37176,,41.81565,3.00345,Santa Cristina d’Aro,246614,ES
37167,,42.98123,-7.687168,Santa Eulalia de Bóveda,236646,ES
42336,,41.49798,13.70184,"Santa Maria della Libera, Aquino",,IT
26451,,45.560038,10.907233,"Santa Maria di Valverde, Marano di Valpolicella",383782,IT
22923,,41.8585531,12.4602025,"Santa Passera, Roma",423051,IT
37145,*Calanta,38.76722,-8.03341,"Santana do Campo, Arraiolos",256042,PT
40135,,40.33999,-7.41788,Santuário da Ns. das Cabeças,,PT
40137,,39.90706,-7.17339,Santuário da Sra. do Almortão,,PT
41940,,41.28343,-7.682348,"Santuário de Panóias, Vale de Nogueiras, Vila Real",236594,PT
40138,,38.99774,-7.48622,Santuário de S. Pedro de Almuro,,PT
44632,,43.312314,-2.608292,Santuario de Gastiburu,,ES
22896,*Hercules Curinus,42.08845,13.93468,"Santuario di Ercole Curino, Badia, Sulmona",413165,IT
42207,,41.963261,12.792339,"Santuario di Ercole Vincitore, Tivoli",,IT
22184,Lucus Feroniae,41.31056,13.20028,"Santuario di Feronia, Terracina",432918,IT
42310,,45.954277,10.284884,"Santuario di Minerva, Spinera, Breno",,IT
37114,,29.283645,51.673082,Sar Mashhad,922716,IR
37120,,36.225626,65.927298,Sar-i Pul,961961,AF
36939,Zeus Pandemos,39.513439,28.85623,Sarısipahiler,609589,TR
44511,,33.87864,36.09288,Saraain El Faouqa,,LB
37110,,30.04531,51.55969,Sarab-e Bahram,922683,IR
36782,Apollo Axyros,38.743855,28.55825,Saraycık,550440,TR
20857,,50.2448712415,6.8727347158,Sarmersbach,,DE
23359,Satyrou Mnema,45.34421,36.81803,Satyrou Mnema,854731,RU
45652,,47.23512,16.62191,Savaria Mithraeum,,HU
26582,,41.901717,13.882722,Scanno,433109,IT
44411,,54.48894,-2.004598,"Scargill Moor, Scargill",,GB
7863,Aquae Segetae,48.1153774,2.6227127,Sceaux-du-Gâtinais,109330,FR
26361,,47.995556,14.038056,"Schachadorf, Ried",118932,AT
20843,,50.1518598452,6.8439150811,Schalkenmehren,,DE
1239,,49.9327169876,6.5587425081,Scharfbillig,,DE
20846,,49.8861299127,6.6536637771,Schleidweiler-Rodt,,DE
26500,,46.510876,11.574719,Sciliar,187544,IT
42291,,42.672871,11.05109,"Scoglietto, Alberese, Grosseto",,IT
37199,,33.89258,46.033117,Seh Pa Aivan,903112,IR
20858,,50.0574903023,6.6417690148,Seinsfeld,,DE
22918,Sep. Caecilia Metella,41.852172,12.520874,"Sep. Caecilia Metella, Roma",423064,IT
16270,,48.89779,1.67122,Septeuil,109339,FR
25287,,31.182178,29.89608,"Serapeum, Alexandria",,EG
42542,,27.248467,33.301172,Serapis-Tempel,,EG
42540,,26.81011,33.486496,"Serapis-Temple, Wadi Umm Hussein",,EG
18048,,44.362409,5.775562,Serre d'Astier,167923,FR
5044,,49.574754,6.575156,Serrig,109342,DE
36852,,37.484866,38.068965,Sesönk,658595,TR
36962,,32.869505,13.207743,Sghedeida,344481,LY
36887,,25.861108,32.776861,Shanhur,786109,EG
36854,Zeus Madbachos,36.279655,36.823854,Sheikh Barakāt,658637,SY
36581,Serapeion,31.328274,20.10588,Sidi el-Msceiti?,373887,LY
36633,,37.159408,9.118354,Sidi-Mechrig,315166,TN
26449,,48.2533477,16.3219216,"Sievering, Wien",128512,AT
37394,Kraneia?,39.251397,21.2141655,Sikies,530963,GR
17303,,45.946611,6.035302,Sillingy,167924,FR
36611,,41.134943,32.449381,Sipahiler,845063,TR
36589,,39.107795,26.173588,Skala Polykhnitou,550885,GR
36786,Artemis Thermia,39.1816,26.4979,Skala/Loutra Thermis,550457,GR
22724,Aphrodite Paphia,35.25725,33.487926,Skali,707471,CY
36582,,32.589987,21.71459,Slonta,373895,LY
37178,,42.432131,-1.314682,"Sofuentes, Sos del Rey Católico",246656,ES
36893,,20.43665,30.33299,Soleb,795863,SD
20668,,48.224961,5.659733,Sommerécourt,,FR
45281,Meter,38.314914,23.41583,Soros,,GR
20096,,42.93333,0.55,Sost,,FR
36556,,35.558636,1.314637,Souma,285526,DZ
36943,,35.223796,7.450176,Souma el Kiata,334622,DZ
36944,,35.042424,6.954101,Souma n'Ikhetteben,334623,DZ
37058,,35.025171,8.266307,Soumat el Kheneg,324814,DZ
22759,Athena,37.652965,24.027035,"Sounion, Athena",579884,GR
22758,Poseidon,37.650263,24.024606,"Sounion, Poseidon",580086,GR
20161,,47.48479,4.71968,Sources de la Seine,,FR
25631,,51.428061,0.32543,Southfleet,,GB
18084,,44.629141,5.022298,Soyans,167928,FR
37013,,38.661518,20.749081,"Spelaion, Spartokhori",531102,GR
40136,,40.05547,-7.25653,Sra. do Granja,,PT
36853,,36.167888,36.762759,Srir,658603,SY
36622,Demeter,46.570868,32.159713,Stanislavskoye,226579,UA
36757,Artemis Diktynnaia,38.415573,22.655531,Stavrou,540664,GR
36555,,35.548873,-0.447241,Ste-Barbe-du-Tlélat,285514,DZ
20468,,49.6766269,6.1132912,Steinsel,,LU
36751,Apollo,38.585065,23.805061,Steni,540651,GR
45282,Poseidon,38.362441,23.14069,Steni,,GR
26448,,48.04509,16.67557,"Stixneusiedl, Trautmannsdorf an der Leitha",128520,AT
44589,"Ares, Aphrodite/Archaion Aphrodision",35.23569,25.7243,"Sto Pyrgo, Ellinika",589707,GR
20708,,47.1119445,7.2908224,"Studenberg, Studen",,CH
39149,,48.762733,9.101792,Stuttgart,,DE
19005,,49.336029,6.606667,"Sudelfels, Ihn",,DE
36632,Saturnus Balcaranensis,36.713866,10.315167,summit of bou Kournine,315145,TN
36987,Zeus Ombrios,37.947938,23.819769,summit of Hymettos,580138,GR
36988,Zeus Panhellenios,37.70783,23.49771,summit of Oros,580139,GR
36986,Zeus Ombrios,38.174088,23.717493,summit of Parnes,580137,GR
36922,Meter Theon 1,39.43306,30.39443,Türkmen Baba,609468,TR
36715,Meter Plastena,38.5829,27.517573,Taş Süret,550736,TR
37146,,44.616386,22.299992,Tabula Traiana,207484,RS
37181,,36.661458,47.274938,Takht-i Bilqis,884218,IR
37115,,29.158311,52.678677,Tal-i Hakavan,922728,IR
37116,,29.89384,51.57157,Tang-i Qandil,922730,IR
37089,,30.976726,50.142065,Tang-i Sarvak,912948,IR
20758,,48.130616,6.573987,"Tannières, Archettes",,FR
37200,,34.38737,47.13218,Taq-e Bostan,903126,IR
37201,,34.433054,46.07918,Taq-i Girra,903127,IR
37117,,28.963783,52.002416,Taq-i Gunbad,922732,IR
25431,,53.5799647,-6.6121673,Tara,79708,IE
39059,,35.84546,14.551872,Tas-Silġ,601235773,MT
21308,Hera,40.416189,16.81695,"Tavole Palatine, Bernalda",442611,IT
36777,,38.604262,21.645255,Taxiarchis,541125,GR
17655,,47.16617,11.36262,Telfes im Stubai,187576,AT
22942,Amarna,27.645956,30.899569,Tell el-Amarna,149576487,EG
44506,,34.19744,36.34204,Tell Qasr Labwe,,LB
37132,,34.10334,35.88477,Tell Yanuh,668400,LB
36748,Apollo,39.855093,22.558114,"Tempe, Ag. Paraskevi",540648,GR
42508,,24.580059,30.717364,"Tempel 1, Qasr Dush",,EG
42509,,24.580342,30.71539,"Tempel 2, Qasr Dush",,EG
19179,,49.7455066,6.6457399,"Tempel am Herrenbrünnchen, Neu-Heiligkreuz",,DE
42730,,46.774105,15.52324,"Tempel und Höhensiedlung am Frauenberg, Seggauberg",,AT
40727,,49.4258222,8.7062319,Tempel von Mercurius Cimbrianus,,DE
39116,,51.850037,5.844198,"Tempel, Nijmegen",,NL
19180,,49.7470407,6.6418503,"Tempelbezirk im Altbachtal, Trier",,DE
45488,,47.23717,8.81731,"Tempelbezirk, Kempraten",,CH
20833,,49.9659360907,6.3906356138,"Tempelhof, Mülbach",,DE
26490,Fons Clitumni,42.842367,12.756672,"Tempieto del Clituno, Pissignano",413140,IT
42160,,40.48003,17.86072,"Tempietto Santu Misirinu, San Donaci",,IT
42665,,38.80706,16.59614,"Tempio antico, Roccelletta",,IT
42356,,37.5832614,12.8253225,"Tempio C, Selinunte",,IT
23819,,41.840411,12.892478,"Tempio Dea Fortuna, Palestrina",,IT
42361,,37.291611,13.581537,"Tempio dei Dioscuri, Agrigento",,IT
25497,,42.7225286,12.1198882,Tempio del Belvedere,,IT
42362,,37.289649,13.592024,"Tempio della Concordia, Agrigento",,IT
42210,,41.9667957,12.8008612,"Tempio della Sibilla, Tivoli",,IT
42208,,41.962892,12.789358,"Tempio della Tosse, Tivoli",,IT
42639,,41.96284,12.78979,"Tempio della Tosse, Tivoli",,IT
42350,,37.97398,13.82384,"Tempio della Vittoria, Himera",,IT
42583,,38.2111392,16.2385225,"Tempio di Afrodite, Locri",,IT
37088,Sardus Pater,39.393998,8.500204,"Tempio di Antas, Fluminimaggiore",472015,IT
36875,Apollo Alaeus,39.3965426,17.1466034,"Tempio di Apollo Aleo, Punta Alice",452262,IT
41885,,40.839336,14.082209,"Tempio di Apollo, Averno, Pozzuoli",,IT
26492,,37.0639214,15.2927699,"Tempio di Apollo, Ortigia, Siracusa",,IT
42130,,37.0620197,14.2591007,"Tempio di Atena, Gela",,IT
45707,,40.4245,15.0054,"Tempio di Atena, Paestum",,IT
42355,,37.05963,15.29382,"Tempio di Atena, Siracusa",,IT
42339,,40.82134,14.12056,"Tempio di Augusto, Pozzuoli",,IT
42359,,37.292793,13.578637,"Tempio di Efesto, Agrigento",,IT
45706,,40.42,15.005556,"Tempio di Era I, Paestum",,IT
45705,,40.4199,15.0054,"Tempio di Era II - di Nettuno, Paestum",,IT
25127,,37.29028,13.58611,"Tempio di Ercole, Agrigento",,IT
25108,,41.64255,12.915671,"Tempio di Ercole, Cori",,IT
42360,,37.282414,13.589656,"Tempio di Esculapio, Agrigento",,IT
42265,,41.305756,14.562722,"Tempio di Flora, Cerreto Sannita",,IT
42343,,41.29157,13.25985,"Tempio di Giove Anxur, Terracina",,IT
38879,,43.4619,12.7045,"Tempio di Giove Appennino, Frontone",,IT
41634,,40.121441,8.94209,"Tempio di Giove, Bidonì",,IT
42290,,42.4109,11.286544,"Tempio di Giove, Cosa",,IT
42938,,40.849414,14.051363,"Tempio di Giove, Cuma",,IT
26493,Olympieion,37.0517033,15.2569807,"Tempio di Giove, Siracusa",462398,IT
42363,,37.2885632,13.6001477,"Tempio di Giunone, Agrigento",,IT
42133,,37.5867781,12.8344372,"Tempio di Hera (E), Selinunte",,IT
42331,,43.769375,11.258083,"Tempio di Iside, Firenze",,IT
42575,,41.5132982,12.7551881,"Tempio di Mater Matuta, Le Ferriere",,IT
42242,,43.071389,12.614722,"Tempio di Minerva, Assisi",,IT
22924,,41.889232,12.480883,Tempio di Portuno,422925,IT
42667,,40.47357,17.23427,"Tempio di Poseidone, Taranto",,IT
42209,,41.9666214,12.8009296,"Tempio di Vesta, Tivoli",,IT
25126,,37.2908284,13.5842133,"Tempio di Zeus Olimpio, Agrigento",,IT
42349,,37.94152,12.83203,"Tempio Dorico, Calatafimi-Segesta",,IT
42668,,40.47379,17.23301,"Tempio dorico, Taranto",,IT
42357,,37.5874413,12.8345377,"Tempio F, Selinunte",,IT
42358,,37.5883394,12.8343698,"Tempio G, Selinunte",,IT
42578,,41.6811556,12.6986417,"Tempio romano, Lanuvio",,IT
42659,,39.071279,8.45288,"Tempio romano, Sant'Antioco",,IT
42365,,37.43876,14.49066,"Tempio, Serra Orlando",,IT
39452,,43.67658,4.62592,"Temple antique, Arles",,FR
7874,,47.3936,0.68807,"Temple antique, Tours",,FR
39109,,50.783756,5.459994,"Temple complex, Tongeren",,BE
20207,,45.5254675,4.87428,"Temple d'Auguste et de Livie, Vienne",,FR
39339,,45.8491,0.76742,Temple de Chassenon,,FR
39462,,45.759597,4.818464,"Temple de Cybèle, Lyon",,FR
39301,,43.839885,4.3485246,"Temple de Diane, Nîmes",,FR
20795,,46.961217,4.288496,"Temple de Janus, Autun",,FR
18750,,48.260586,-0.498662,"Temple de la Fortune, Jublains",,FR
20463,,46.8822014,7.0450441,"Temple de la grange-des-Dîmes, Avenches",,CH
20763,,48.471769,-2.146583,"Temple de Mars, Haut-Bécherel, Corseul",636775194,FR
17715,,45.771822,2.964402,"Temple de Mercure, Puy de Dôme",138464,FR
20464,,46.8818599,7.0464302,"Temple du Cigognier, Avenches",,CH
39561,,46.516842948,6.601394797,"temple gallo-romain, Lausanne-Vidy",,CH
42930,,47.32405,1.29908,"Temple Gallo-romain, Pouillé",,FR
39461,,47.6714454,-2.7502136,"Temple gallo-romain, Vannes",,FR
43041,,40.07699,23.44862,Temple of Ammon Zeus,,GR
22615,Aphaia,37.754475,23.53304,Temple of Aphaea,579872,GR
25124,,37.976,23.7217,Temple of Aphrodite Urania,,GR
25125,,37.9755,23.7221,Temple of Apollo Patroos,,GR
43050,,39.33372,21.8193,"Temple of Apollo, Mitropoli",,GR
22874,,39.6075,19.917778,"Temple of Artemis, Kerkyra",,GR
43012,,37.853255,27.527297,"Temple of Artemis, Magnesia on the Meander ",,TR
43013,,38.479327,28.031187,"Temple of Artemis, Sardis",,TR
22847,Artemis,37.9498235,27.363816,"Temple of Artemis, Selçuk",,TR
44503,,33.894687,35.962436,"Temple of Atargatis, Niha",,LB
43656,,37.45557,22.4204,"Temple of Athena Alea, Alea",,GR
25117,,37.971564,23.725054,Temple of Athena Nike,,GR
43424,,37.502,27.5248,"Temple of Athena, Kapıkırı",,TR
20227,,44.8701318,13.8418835,"Temple of Augustus, Pula",,HR
42467,,22.800997,32.545747,Temple of Dakka (relocated),,EG
44504,,33.895297,35.963134,"Temple of Hadaranes, Niha",,LB
25822,,37.938169,27.3424679,Temple of Hadrian,,TR
25120,,37.975617,23.721392,Temple of Hephaestus,,GR
41878,,37.638889,21.629722,"Temple of Hera, Olympia",,GR
44434,,31.953936,35.934868,"Temple of Hercules, Amman",,JO
42468,,22.800667,32.547597,Temple of Maharraqa (relocated),,EG
25121,,37.969372,23.733078,Temple of Olympian Zeus (Athens),,GR
42604,,37.9158514,22.992664,"Temple of Poseidon, Isthmia",,GR
43227,,36.209169,36.656533,"Temple of Zeus Bomos, Baqirha",,SY
43031,,38.67117,21.31115,"Temple of Zeus, Stratos",,GR
43304,,36.58051,33.92482,"Temple of Zeus, Uzuncaburç",,TR
20105,,46.2234,5.55866,"Temple romain, Izernore",,FR
43044,,40.605091,24.742005,"Temple, Aliki",,GR
20175,,45.282385,-0.838316,"Temple, Brion",,FR
20780,,47.305704,-0.161236,"Temple, Chênehutte",,FR
39380,,47.66022,0.23535,"Temple, Cherré",,FR
39113,,51.72913,5.883986,"Temple, Cuijk",,NL
20619,,43.709722,-1.052222,"Temple, Dax",,FR
26202,,52.586035,-3.161544,"Temple, Forden Gaer",,GB
25705,,50.69495,-2.467,"Temple, Maiden Castle",,GB
20265,,51.669368,6.446202,"temple, Xanten",,DE
25805,,38.572611,-7.907358,Templo de Diana,,PT
45655,,38.91651,-6.34437,"Templo de Diana, Mérida",,ES
42686,,37.440264,-6.04464,Templo de Trajano de Itálica,,ES
39983,,37.884756,-4.776296,"Templo romano, Córdoba",,ES
36724,Apollo et Nymphae Nitrodes,40.70406,13.90456,"Terme di Cavascura, Serrara Fontana",432682,IT
17703,,46.81356,2.639874,Thaumiers,138615,FR
36707,Meter Theon,36.421916,25.429043,Thera,599797,GR
25481,,52.744512,-0.654155,Thistleton,79712,GB
42563,,46.70695,14.05645,Tiffen,,AT
36963,,32.004492,11.364738,Tigi,344515,LY
36964,,31.383351,13.780278,Tininai,344518,LY
25675,,51.275894,0.035848,Titsey,,GB
22225,,41.723453,12.6646233,"Tomba degli Orazi e Curiazi, Ariccia",423083,IT
37162,,41.95177,12.71357,"Tomba di Marco Plauzio Lucano, Tivoli",423084,IT
37163,,41.965501,12.442521,"Tomba di Nerone, Roma",423085,IT
23811,,36.84125,10.322664,Tophet de Salammbô,,TN
37164,,41.974435,12.680493,Torraccia dell’Inviolata,423091,IT
39980,,37.614808,-0.970342,"Torre Ciega, Cartagena",,ES
22473,,41.132017,1.318856,"Torre de los Escipiones, Tarragona",246696,ES
39981,,38.5163318,-0.1970617,"Torre de Sant Josep, Villajoyosa ",,ES
37059,,41.67813,1.85479,"Torre del Breny, Castellgalí",246698,ES
36862,,37.73783,15.00138,"Torre del Filosofo, Nicolosi",462519,IT
26599,,41.49409,12.65761,"Torre del Monumento, Nettuno",423096,IT
26598,,41.55546,12.70544,"Torre di Padiglione, Aprilia",423097,IT
22898,,41.806749,14.481075,"Torre, Taverna, Schiavi di Abruzzo",433112,IT
36873,,40.3542,17.49911,Torricella,442829,IT
37060,,41.68306,0.68125,"Tossal del Moro, Corbins",246703,ES
36666,,35.159374,33.900893,Toumpa,707634,CY
18152,,47.89645239,1.1837077,"Tour de Grisset, Fréteval",138623,FR
20616,,45.179444,0.714361,"Tour de Vésone, Périgueux",,FR
36667,,35.387553,33.86049,Trakhonas,707635,CY
26603,,41.654245,12.473943,Tredici Altari,423104,IT
36979,,37.677674,24.334,Treis Ammoundas,570747,GR
36965,,32.876858,13.23445,Trigh-Tarhuna,344521,LY
39456,,48.0752986,-4.3144229,"Trogouzel, Douarnenez",,FR
38778,,46.64874,7.06377,"Tronche-Bélon, Riaz",,CH
39095,,48.05822529,-4.70524622,"Trouguer, Cléden-Cap-Sizun",,FR
36762,Dionysos,38.514628,22.950869,Tzamali,540735,GR
17286,,47.218016,8.77874,"Ufenau, Freienbach",187387,CH
36675,,29.20168,25.54492,Umm Ubaydah,716644,EG
36626,,41.737926,13.164441,Untitled,183817917,IT
36634,,36.121072,9.283819,Untitled,320126,TN
36720,,42.002816,12.635639,Untitled,426594,IT
36721,,41.705747,13.123769,Untitled,426637,IT
36722,,41.755024,13.13817,Untitled,426638,IT
36755,Apollo Thourios,38.496975,22.822602,Untitled,540655,GR
36790,,36.536647,9.981865,Untitled,208942153,TN
36791,,36.893862,9.968177,Untitled,208942154,TN
36792,,36.69275,9.822699,Untitled,208942155,TN
36793,,36.663072,9.788983,Untitled,208942156,TN
36794,,36.585366,9.773707,Untitled,208942157,TN
36795,,36.640095,9.943045,Untitled,208942169,TN
36796,,36.585175,9.967465,Untitled,208942170,TN
36797,,36.919468,9.580764,Untitled,208942171,TN
36798,,36.819176,9.691143,Untitled,208942172,TN
36799,,36.86658,9.575836,Untitled,208942173,TN
36800,,36.634297,9.549035,Untitled,208942198,TN
36801,,36.535109,9.853538,Untitled,208942199,TN
36802,,36.880397,9.64626,Untitled,208942200,TN
36803,,36.881504,9.766941,Untitled,208942201,TN
36804,,36.397935,9.909922,Untitled,208942217,TN
36805,,36.436293,9.948515,Untitled,208942218,TN
36806,,36.411296,9.68599,Untitled,208942228,TN
36807,,36.460714,9.617028,Untitled,208942229,TN
36808,,36.183052,9.753109,Untitled,208942235,TN
36809,,36.260454,9.518791,Untitled,208942236,TN
36810,,36.003258,9.522652,Untitled,208942237,TN
36811,,36.123503,9.52298,Untitled,208942238,TN
36812,,36.000998,9.541708,Untitled,208942240,TN
36813,,36.154899,9.580567,Untitled,208942241,TN
36814,,36.134422,9.572995,Untitled,208942242,TN
36815,,36.485097,9.549314,Untitled,208942243,TN
36816,,36.281204,9.530157,Untitled,208942244,TN
36817,,36.180674,9.982558,Untitled,208942245,TN
36818,,36.01252,9.590896,Untitled,208942246,TN
36819,,36.01135,9.534732,Untitled,208942247,TN
36820,,36.011995,9.512604,Untitled,208942248,TN
36821,,36.824107,8.178444,Untitled,208942319,DZ
36822,,36.742036,8.670583,Untitled,208942344,TN
36823,,36.619025,8.75442,Untitled,208942345,TN
36824,,36.014267,9.219678,Untitled,208942386,TN
36825,,36.492807,9.235644,Untitled,208942387,TN
36826,,36.380096,9.049712,Untitled,208942406,TN
36827,,36.01836,9.210786,Untitled,208942423,TN
36828,,36.377232,9.320599,Untitled,208942425,TN
36829,,37.104867,9.518982,Untitled,208942440,TN
36830,,37.141123,9.259039,Untitled,208942474,TN
36831,,37.103548,9.30907,Untitled,208942476,TN
36832,,37.145748,9.273721,Untitled,208942477,TN
36833,,37.12669,9.25199,Untitled,208942479,TN
36834,,37.112077,9.199409,Untitled,208942480,TN
36835,,36.515672,9.352382,Untitled,208942488,TN
36836,,36.911743,9.276129,Untitled,208942504,TN
36837,,36.993519,9.210945,Untitled,208942505,TN
36838,,36.764193,9.35865,Untitled,208942506,TN
36839,,36.072028,7.94028,Untitled,208942852,DZ
36840,,35.314794,10.894677,Untitled,208943012,TN
36841,,35.491404,10.896732,Untitled,208943013,TN
36842,,35.172574,10.773105,Untitled,208943014,TN
36843,,35.165958,9.589019,Untitled,208943045,TN
36844,,34.724983,9.928953,Untitled,208943058,TN
36845,,34.63263,9.79794,Untitled,208943059,TN
36846,,35.99891,9.592004,Untitled,208943081,TN
36847,,35.862847,9.729603,Untitled,208943101,TN
36848,,35.887428,9.633575,Untitled,208943102,TN
36849,,35.843711,9.500081,Untitled,208943103,TN
36850,,35.92969,9.594608,Untitled,208943104,TN
36851,,35.555606,10.200033,Untitled,208943121,TN
36973,,33.566,9.685172,Untitled,347302,TN
36974,,31.746343,13.681433,Untitled,347304,LY
36975,,31.40337,14.63255,Untitled,347305,LY
37016,,35.109697,10.240698,Untitled,208943139,TN
37017,,36.437302,10.183065,Untitled,208943212,TN
37018,,36.311514,10.155204,Untitled,208943240,TN
37019,,36.163449,10.193571,Untitled,208943241,TN
37020,,36.373614,10.019356,Untitled,208943242,TN
37021,,36.257925,10.225705,Untitled,208943244,TN
37022,,36.28534,10.105192,Untitled,208943245,TN
37023,,36.607655,10.054676,Untitled,208943282,TN
37024,,34.978344,8.723842,Untitled,208943424,TN
37025,,34.569736,8.753278,Untitled,208943435,TN
37026,,34.8835,8.92647,Untitled,208943436,TN
37027,,34.922651,8.964269,Untitled,208943437,TN
37028,,34.939533,8.975685,Untitled,208943438,TN
37029,,34.983236,8.906619,Untitled,208943439,TN
37030,,34.650765,8.749276,Untitled,208943440,TN
37031,,34.611325,8.192699,Untitled,208943465,DZ
37032,,34.62157,8.191774,Untitled,208943466,DZ
37033,,35.193683,9.295605,Untitled,208943518,TN
37034,,35.061603,9.293783,Untitled,208943519,TN
37035,,35.01374,9.277075,Untitled,208943520,TN
37036,,35.121568,9.208991,Untitled,208943521,TN
37037,,35.251306,9.07172,Untitled,208943540,TN
37038,,35.872012,9.364284,Untitled,208943565,TN
37039,,35.851094,9.156053,Untitled,208943566,TN
37040,,34.696131,10.19808,Untitled,208943701,TN
37041,,34.76179,10.339096,Untitled,208943702,TN
37042,,34.712644,10.292548,Untitled,208943703,TN
37043,,34.667613,10.127074,Untitled,208943705,TN
37044,,34.802735,10.005569,Untitled,208943706,TN
37045,,34.659149,10.082704,Untitled,208943707,TN
37046,,36.507337,6.489765,Untitled,208943721,DZ
37203,,31.146289,16.749739,Untitled,963101009,LY
37204,,32.477054,14.461641,Untitled,963101382,LY
38773,,46.735368,6.668238,Ursins,,CH
18216,,44.394282,4.774947,Val des Nymphes,167950,FR
18033,,45.086606,5.68182,Varces,167955,FR
36985,Pan kai Nymphai,37.858,23.802,Vari,580056,GR
23754,,41.808056,14.261944,"Vastogirardi, Capracotta",433182,IT
17386,,43.6235617,7.1285981,Vaugrenier,157943,FR
39584,,37.25595,-3.7787,Velillos,,ES
20869,,49.5054779,5.456606,Velosnes,,FR
36778,,38.390531,24.089463,Velousia,541171,GR
18051,,44.301093,5.345645,Vercoiran,167963,FR
2022,Verbinum/Vironum,49.834435,3.907087,Vervins,109416,FR
45199,,45.25405,2.89256,"Veyrines, Landeyrat",,FR
37062,,41.309669,1.35811,Vila-rodona,246746,ES
37061,,41.956389,2.773002,Vilablareix,246745,ES
22226,Pompeo,41.7302569,12.6547804,"Villa di Pompeo, Albano Laziale",423006,IT
26561,,42.64935,13.05638,"Villa San Silvestro, Cascia",413384,IT
20623,,47.307056,2.297843,"Villate, Neuvy-sur-Barangeon",138484,FR
20626,,45.263594,0.362491,Villetoureix,,FR
18171,,48.201924,5.942988,Vittel,109440,FR
26575,,42.128128,13.817603,Vittorito,413387,IT
37049,,41.47414,22.16538,Vojshanci,491752,MK
36768,Krounoi,38.421621,21.815543,Vomvokou,540893,GR
22723,Apollo Agyates,35.233592,33.489247,Voni,707474,CY
20606,,50.5026087,6.6518586,"Vor Hirschberg, Zingsheim",,DE
36668,,35.406,33.85079,Vounari,707641,CY
36966,,31.266544,13.616682,Wadi Antar,344543,LY
36967,,31.613804,12.983422,Wadi Lella,344549,LY
36968,,32.161528,10.756757,Wadi Merteba,344552,TN
36969,,31.533778,13.749422,Wadi Migdal,344554,LY
36583,,32.7501975,21.7786585,Wadi Senab,373909,LY
36970,,30.430352,13.35256,Wadi Tabuniya,344562,LY
36971,,30.83315,13.483348,Wadi Taghiggia,344563,LY
25680,,51.237307,-0.686418,Wanborough,79746,GB
37202,,33.388125,46.570065,War Pil,903143,IR
39152,,48.9605275,7.6168149,Wasenbourg,,FR
20761,,48.713898,7.289902,"Wasserwald, Haegen",109026,FR
19131,,49.85783,7.16251,"Wederath, Temple district",,DE
25607,,51.695648,-2.306678,"West Hill, Uley",79726,GB
25602,,51.493006,-0.818089,Weycock Hill,79755,GB
20861,,50.011635535,6.4552276595,Wiersdorf,,DE
20879,,51.234325,4.527566,Wijnegem,,BE
20862,,50.1485026492,6.4173810434,Winringen,,DE
42219,,49.659225,5.849268,Wolberg,,BE
20845,,49.9167054839,6.4566067959,Wolsfeld,,DE
25597,,51.808933,-1.22367,"Woodeaton, Islip",79769,GB
37131,,34.130243,36.029792,Yammune,668399,LB
36926,Zeus Alsenos,38.913829,30.989124,"Yanal Mevkii, Kurudere",609574,TR
36616,Hephaistion,36.44267,30.46626,Yanar Taş,638856,TR
44510,,33.603056,35.944167,Yanta,,LB
36586,Pelopis Thronus,38.578834,27.498105,Yarıkkaya,550810,TR
36930,Zeus Bronton,39.122087,29.909651,Yayla,609579,TR
36914,Hosion kai Dikaion,39.320224,29.887704,Yaylababa,609407,TR
36903,Agdistis,39.198474,30.71494,Yazılıkaya,609290,TR
36614,Apollo,37.463994,30.91288,"Yazılıkaya, Çandır",638754,TR
36591,Thea Larmene,38.645519,28.535958,Yeşiloba Tepe?,550918,TR
22732,,34.8994399,32.3112858,Yeronissos,707511,CY
36900,Sinuri,37.266085,27.924663,Yu. Kadınağıl,599936,TR
36972,,32.410867,14.918306,Zaviet el-Mahgiub,344570,LY
36640,,33.7121,35.90174,"Zekweh, Majdal Anjar",678455,LB
43055,,40.1753337,22.494827,"Zeus Hypsistos, Dion",,GR
24871,Zeus Lykaios,37.448354,21.995469,Zeus Lykaios,570764,GR
43052,,40.1714211,22.4960864,"Zeus Olympios, Dion",,GR
4963,,46.630885,9.440684,Zillis,187632,CH
36615,Eurymedon,37.823352,31.127989,Zindan Mağarası,638837,TR
20878,,51.469144,4.656664,Zundert,,NL
